Date,Location,Confirmed Case
12.04.2020,Mirpur-12,8
12.04.2020,Hazaribagh,8
12.04.2020,Mohakhali,7
12.04.2020,Shantinagar,5
12.04.2020,Wari,16
12.04.2020,Lalbagh,13
12.04.2020,Mirpur-11,10
12.04.2020,Mogbazar,4
12.04.2020,Mohammadpur,12
12.04.2020,Uttara,17
12.04.2020,Jailgate,2
12.04.2020,Sutrapur,2
12.04.2020,Babu Bazar,3
12.04.2020,Badda,4
12.04.2020,Bashundhora,4
12.04.2020,Chawk Bazar,4
12.04.2020,Gendaria,3
12.04.2020,Mirpur-6,2
12.04.2020,Mirpur-10,5
12.04.2020,Narinda,2
12.04.2020,Rajarbagh,2
12.04.2020,Tejgaon,3
12.04.2020,Kamrangir Char,1
12.04.2020,Kodomtoli,1
12.04.2020,Nawabpur,1
12.04.2020,Rayerbazar,1
12.04.2020,Sayedabad,1
12.04.2020,Siddheshwari,1
12.04.2020,Farmgate,1
12.04.2020,Adabor,1
12.04.2020,Agargaon,2
12.04.2020,Ashkona,1
12.04.2020,Azimpur,2
12.04.2020,Baily Road,3
12.04.2020,Banani,7
12.04.2020,Bangshal,7
12.04.2020,Basabo,12
12.04.2020,Begunbari,1
12.04.2020,Beribadh,1
12.04.2020,Bosila,1
12.04.2020,Buet Area,1
12.04.2020,Central Road,1
12.04.2020,Dhakkeshori,1
12.04.2020,Dhanmondi,14
12.04.2020,Dholaikhal,1
12.04.2020,Doyaganj,1
12.04.2020,Eskaton,1
12.04.2020,Green Road,5
12.04.2020,Gulistan,2
12.04.2020,Gulshan,4
12.04.2020,Hatir jhil,1
12.04.2020,Hatirpool,2
12.04.2020,Islampur,2
12.04.2020,Jatrabari,11
12.04.2020,Jigatala,3
12.04.2020,Kazi para,1
12.04.2020,Kotowali,2
12.04.2020,Laxmibazar,2
12.04.2020,Malibagh,2
12.04.2020,Manikdi,1
12.04.2020,Mirhajaribagh,2
12.04.2020,Mirpur-1,5
12.04.2020,Mirpur-13,2
12.04.2020,Mitford,1
12.04.2020,Mugda,1
12.04.2020,Nikunja,1
12.04.2020,Pirerbagh,2
12.04.2020,Purana Paltan,2
12.04.2020,Rampura,1
12.04.2020,Shah Ali Bagh,2
12.04.2020,Shahbag,2
12.04.2020,Showari Ghat,3
12.04.2020,Sonir akhra,1
12.04.2020,Tolarbag,19
12.04.2020,Urdu Road,1
10.04.2020,Mirpur-12,2
10.04.2020,Hazaribagh,3
10.04.2020,Mohakhali,3
10.04.2020,Shantinagar,2
10.04.2020,Wari,13
10.04.2020,Lalbagh,11
10.04.2020,Mirpur-11,8
10.04.2020,Mogbazar,2
10.04.2020,Mohammadpur,10
10.04.2020,Uttara,15
10.04.2020,Babu Bazar,2
10.04.2020,Badda,3
10.04.2020,Bashundhora,3
10.04.2020,Chawk Bazar,3
10.04.2020,Gendaria,2
10.04.2020,Mirpur-6,1
10.04.2020,Mirpur-10,4
10.04.2020,Narinda,1
10.04.2020,Rajarbagh,1
10.04.2020,Tejgaon,2
10.04.2020,Adabor,1
10.04.2020,Agargaon,2
10.04.2020,Ashkona,1
10.04.2020,Azimpur,2
10.04.2020,Baily Road,3
10.04.2020,Banani,7
10.04.2020,Bangshal,7
10.04.2020,Basabo,12
10.04.2020,Begunbari,1
10.04.2020,Beribadh,1
10.04.2020,Bosila,1
10.04.2020,Buet Area,1
10.04.2020,Central Road,1
10.04.2020,Dhakkeshori,1
10.04.2020,Dhanmondi,14
10.04.2020,Dholaikhal,1
10.04.2020,Doyaganj,1
10.04.2020,Eskaton,1
10.04.2020,Green Road,5
10.04.2020,Gulistan,2
10.04.2020,Gulshan,4
10.04.2020,Hatir jhil,1
10.04.2020,Hatirpool,2
10.04.2020,Islampur,2
10.04.2020,Jatrabari,11
10.04.2020,Jigatala,3
10.04.2020,Kazi para,1
10.04.2020,Kotowali,2
10.04.2020,Laxmibazar,2
10.04.2020,Malibagh,2
10.04.2020,Manikdi,1
10.04.2020,Mirhajaribagh,2
10.04.2020,Mirpur-1,5
10.04.2020,Mirpur-13,2
10.04.2020,Mitford,1
10.04.2020,Mugda,1
10.04.2020,Nikunja,1
10.04.2020,Pirerbagh,2
10.04.2020,Purana Paltan,2
10.04.2020,Rampura,1
10.04.2020,Shah Ali Bagh,2
10.04.2020,Shahbag,2
10.04.2020,Showari Ghat,3
10.04.2020,Sonir akhra,1
10.04.2020,Tolarbag,19
10.04.2020,Urdu Road,1
14.04.2020,Adabor,5
14.04.2020,Agargaon,2
14.04.2020,Armanitola,1
14.04.2020,Ashkona,1
14.04.2020,Azimpur,6
14.04.2020,Babu Bazar,11
14.04.2020,Badda,6
14.04.2020,Baily Road,3
14.04.2020,Banani,8
14.04.2020,Bangshal,7
14.04.2020,Banianagar,1
14.04.2020,Basabo,14
14.04.2020,Bashundhora,4
14.04.2020,Begunbari,1
14.04.2020,Beribadh,1
14.04.2020,Bosila,1
14.04.2020,Buet Area,1
14.04.2020,Central Road,1
14.04.2020,Chankharpool,2
14.04.2020,Chawk Bazar,6
14.04.2020,Dhakkeshori,1
14.04.2020,Dhanmondi,16
14.04.2020,Dholaikhal,1
14.04.2020,Doyaganj,1
14.04.2020,Eskaton,1
14.04.2020,Farmgate,1
14.04.2020,Gendaria,12
14.04.2020,Green Road,10
14.04.2020,Gulistan,2
14.04.2020,Gulshan,6
14.04.2020,Hatir jhil,1
14.04.2020,Hatirpool,3
14.04.2020,Hazaribagh,8
14.04.2020,Islampur,2
14.04.2020,Jailgate,2
14.04.2020,Jatrabari,19
14.04.2020,Jigatala,4
14.04.2020,Jurain,1
14.04.2020,Kallyanpur,1
14.04.2020,Kamrangir Char,2
14.04.2020,Kazi para,1
14.04.2020,Khilgaon,1
14.04.2020,Kodomtoli,1
14.04.2020,Kotowali,2
14.04.2020,Kuril,1
14.04.2020,Lalbagh,18
14.04.2020,Laxmibazar,2
14.04.2020,Malibagh,4
14.04.2020,Manikdi,1
14.04.2020,Matuail,1
14.04.2020,Mirhajaribagh,2
14.04.2020,Mirpur-1,6
14.04.2020,Mirpur-6,2
14.04.2020,Mirpur-10,6
14.04.2020,Mirpur-11,11
14.04.2020,Mirpur-12,10
14.04.2020,Mirpur-13,2
14.04.2020,Mirpur-14,5
14.04.2020,Mitford,1
14.04.2020,Mogbazar,10
14.04.2020,Mohakhali,9
14.04.2020,Mohammadpur,17
14.04.2020,Motijeel,1
14.04.2020,Mugda,1
14.04.2020,Nawabpur,1
14.04.2020,Narinda,2
14.04.2020,Nikunja,1
14.04.2020,Pirerbagh,2
14.04.2020,Purana Paltan,2
14.04.2020,Rajarbagh,6
14.04.2020,Rampura,2
14.04.2020,Rayerbagh,1
14.04.2020,Rayerbazar,1
14.04.2020,Sabujbagh,2
14.04.2020,Sayedabad,1
14.04.2020,Shah Ali Bagh,2
14.04.2020,Shahbag,3
14.04.2020,Shakharibazar,0
14.04.2020,Shantibagh,1
14.04.2020,Shampur,1
14.04.2020,Shantinagar,6
14.04.2020,Shaymoli,1
14.04.2020,Showari Ghat,3
14.04.2020,Siddheshwari,1
14.04.2020,Sonir akhra,1
14.04.2020,Sutrapur,6
14.04.2020,Tejgaon,15
14.04.2020,Tolarbag,19
14.04.2020,Urdu Road,1
14.04.2020,Uttara,17
14.04.2020,Vatara,1
14.04.2020,Wari,25
15.04.2020,Adabor,5
15.04.2020,Agargaon,2
15.04.2020,Armanitola,1
15.04.2020,Ashkona,1
15.04.2020,Azimpur,6
15.04.2020,Babu Bazar,11
15.04.2020,Badda,6
15.04.2020,Baily Road,3
15.04.2020,Banani,8
15.04.2020,Bangshal,7
15.04.2020,Banianagar,1
15.04.2020,Basabo,14
15.04.2020,Bashundhora,4
15.04.2020,Begunbari,1
15.04.2020,Begum Bazar,1
15.04.2020,Beribadh,1
15.04.2020,Bokshi Bazar,1
15.04.2020,Bosila,1
15.04.2020,Buet Area,1
15.04.2020,Central Road,1
15.04.2020,Chankharpool,5
15.04.2020,Chawk Bazar,6
15.04.2020,Dhakkeshori,1
15.04.2020,Dhanmondi,18
15.04.2020,Dholaikhal,1
15.04.2020,Doyaganj,1
15.04.2020,Eskaton,1
15.04.2020,Farmgate,1
15.04.2020,Gendaria,13
15.04.2020,Gopibag,1
15.04.2020,Green Road,10
15.04.2020,Gulistan,2
15.04.2020,Gulshan,8
15.04.2020,Hatir jhil,1
15.04.2020,Hatirpool,3
15.04.2020,Hazaribagh,9
15.04.2020,Islampur,2
15.04.2020,Jailgate,2
15.04.2020,Jatrabari,19
15.04.2020,Jigatala,5
15.04.2020,Jurain,1
15.04.2020,Kallyanpur,1
15.04.2020,Kamrangir Char,3
15.04.2020,Kazi para,1
15.04.2020,Khilgaon,1
15.04.2020,Kodomtoli,1
15.04.2020,Kotowali,3
15.04.2020,Kuril,1
15.04.2020,Lalbagh,18
15.04.2020,Laxmibazar,2
15.04.2020,Malibagh,4
15.04.2020,Manikdi,1
15.04.2020,Matuail,1
15.04.2020,Mirhajaribagh,2
15.04.2020,Mirpur-1,6
15.04.2020,Mirpur-6,2
15.04.2020,Mirpur-10,6
15.04.2020,Mirpur-11,11
15.04.2020,Mirpur-12,10
15.04.2020,Mirpur-13,2
15.04.2020,Mirpur-14,5
15.04.2020,Mitford,1
15.04.2020,Mogbazar,10
15.04.2020,Mohakhali,10
15.04.2020,Mohammadpur,20
15.04.2020,Motijeel,1
15.04.2020,Mugda,2
15.04.2020,Nawabpur,1
15.04.2020,Narinda,2
15.04.2020,Nakhalpara,5
15.04.2020,Nikunja,1
15.04.2020,Pirerbagh,2
15.04.2020,Purana Paltan,2
15.04.2020,Rajarbagh,6
15.04.2020,Rampura,3
15.04.2020,Ramna,1
15.04.2020,Rayerbagh,1
15.04.2020,Rayerbazar,1
15.04.2020,Sabujbagh,2
15.04.2020,Sayedabad,1
15.04.2020,Shah Ali Bagh,2
15.04.2020,Shahbag,4
15.04.2020,Shakharibazar,0
15.04.2020,Shantibagh,1
15.04.2020,Shampur,1
15.04.2020,Shantinagar,6
15.04.2020,Shaymoli,1
15.04.2020,Showari Ghat,3
15.04.2020,Siddheshwari,3
15.04.2020,Sonir akhra,1
15.04.2020,Sutrapur,7
15.04.2020,Tejgaon,16
15.04.2020,Tezturi Bazar,1
15.04.2020,Tolarbag,19
15.04.2020,Urdu Road,1
15.04.2020,Uttara,17
15.04.2020,Vatara,1
15.04.2020,Wari,26
16.04.2020,Adabor,5
16.04.2020,Agargaon,2
16.04.2020,Armanitola,1
16.04.2020,Ashkona,1
16.04.2020,Azimpur,11
16.04.2020,Babu Bazar,11
16.04.2020,Badda,8
16.04.2020,Baily Road,3
16.04.2020,Banani,8
16.04.2020,Bangshal,9
16.04.2020,Banianagar,1
16.04.2020,Basabo,17
16.04.2020,Bashundhora,5
16.04.2020,Begunbari,1
16.04.2020,Begum Bazar,1
16.04.2020,Beribadh,1
16.04.2020,Bokshi Bazar,1
16.04.2020,Bosila,1
16.04.2020,Buet Area,1
16.04.2020,Central Road,1
16.04.2020,Chankharpool,5
16.04.2020,Chawk Bazar,9
16.04.2020,Dhakkeshori,1
16.04.2020,Dhanmondi,18
16.04.2020,Dholaikhal,1
16.04.2020,Doyaganj,1
16.04.2020,Eskaton,2
16.04.2020,Faridabagh,1
16.04.2020,Farmgate,1
16.04.2020,Gendaria,14
16.04.2020,Gopibag,3
16.04.2020,Green Road,10
16.04.2020,Gulistan,2
16.04.2020,Gulshan,13
16.04.2020,Hatir jhil,1
16.04.2020,Hatirpool,3
16.04.2020,Hazaribagh,11
16.04.2020,Islampur,2
16.04.2020,Jailgate,2
16.04.2020,Jatrabari,23
16.04.2020,Jigatala,5
16.04.2020,Jurain,1
16.04.2020,Kallyanpur,1
16.04.2020,Kamrangir Char,3
16.04.2020,Kazi para,2
16.04.2020,Kawran Bazar,1
16.04.2020,Kochukhet,1
16.04.2020,Khilgaon,1
16.04.2020,Kodomtoli,1
16.04.2020,Kotowali,3
16.04.2020,Kuril,1
16.04.2020,Lalbagh,21
16.04.2020,Laxmibazar,4
16.04.2020,Malibagh,4
16.04.2020,Manikdi,1
16.04.2020,Matuail,1
16.04.2020,Mirhajaribagh,2
16.04.2020,Mirpur-1,8
16.04.2020,Mirpur-6,3
16.04.2020,Mirpur-10,6
16.04.2020,Mirpur-11,11
16.04.2020,Mirpur-12,10
16.04.2020,Mirpur-13,2
16.04.2020,Mirpur-14,5
16.04.2020,Mitford,2
16.04.2020,Mogbazar,10
16.04.2020,Mohakhali,12
16.04.2020,Mohammadpur,22
16.04.2020,Motijeel,1
16.04.2020,Mugda,2
16.04.2020,Nawabpur,1
16.04.2020,Narinda,3
16.04.2020,Nakhalpara,5
16.04.2020,Nikunja,1
16.04.2020,Pirerbagh,2
16.04.2020,Purana Paltan,2
16.04.2020,Rajarbagh,8
16.04.2020,Rampura,3
16.04.2020,Ramna,1
16.04.2020,Rayerbagh,1
16.04.2020,Rayerbazar,1
16.04.2020,Sabujbagh,2
16.04.2020,Sayedabad,1
16.04.2020,Science Lab,1
16.04.2020,Shah Ali Bagh,2
16.04.2020,Shahbag,4
16.04.2020,Shakharibazar,6
16.04.2020,Shantibagh,1
16.04.2020,Shampur,1
16.04.2020,Shantinagar,7
16.04.2020,Shaymoli,3
16.04.2020,Shewrapara,1
16.04.2020,Shekher Tek,1
16.04.2020,Showari Ghat,3
16.04.2020,Siddheshwari,3
16.04.2020,Sonir akhra,1
16.04.2020,Sutrapur,7
16.04.2020,Tejgaon,16
16.04.2020,Tezturi Bazar,1
16.04.2020,Tolarbag,19
16.04.2020,Urdu Road,1
16.04.2020,Uttara,20
16.04.2020,Vatara,1
16.04.2020,Wari,27
17.04.2020,Adabor,5
17.04.2020,Agargaon,2
17.04.2020,Armanitola,1
17.04.2020,Ashkona,1
17.04.2020,Azimpur,11
17.04.2020,Babu Bazar,11
17.04.2020,Badda,8
17.04.2020,Baily Road,3
17.04.2020,Banani,8
17.04.2020,Bangshal,15
17.04.2020,Banianagar,1
17.04.2020,Basabo,17
17.04.2020,Bashundhora,5
17.04.2020,Begunbari,1
17.04.2020,Begum Bazar,1
17.04.2020,Beribadh,1
17.04.2020,Bokshi Bazar,1
17.04.2020,Bosila,1
17.04.2020,Buet Area,1
17.04.2020,Cantonment,1
17.04.2020,Central Road,1
17.04.2020,Chankharpool,6
17.04.2020,Chawk Bazar,10
17.04.2020,Dhakkeshori,1
17.04.2020,Demra,2
17.04.2020,Dhanmondi,18
17.04.2020,Dholaikhal,1
17.04.2020,Doyaganj,1
17.04.2020,Eskaton,6
17.04.2020,Faridabagh,1
17.04.2020,Farmgate,1
17.04.2020,Gendaria,14
17.04.2020,Goran,1
17.04.2020,Gopibag,3
17.04.2020,Green Road,10
17.04.2020,Gulistan,3
17.04.2020,Gulshan,13
17.04.2020,Hatir jhil,1
17.04.2020,Hatirpool,3
17.04.2020,Hazaribagh,15
17.04.2020,Islampur,2
17.04.2020,Jailgate,2
17.04.2020,Jatrabari,23
17.04.2020,Jigatala,5
17.04.2020,Jurain,3
17.04.2020,Kallyanpur,1
17.04.2020,Kamrangir Char,4
17.04.2020,Kazi para,3
17.04.2020,Kawran Bazar,1
17.04.2020,Kochukhet,1
17.04.2020,Khilgaon,1
17.04.2020,Khilkhet,1
17.04.2020,Koltabazar,1
17.04.2020,Kodomtoli,2
17.04.2020,Kotowali,4
17.04.2020,Kuril,1
17.04.2020,Lalbagh,21
17.04.2020,Laxmibazar,4
17.04.2020,Malitola,1
17.04.2020,Malibagh,4
17.04.2020,Manikdi,1
17.04.2020,Matuail,1
17.04.2020,Mirhajaribagh,2
17.04.2020,Mirpur-1,8
17.04.2020,Mirpur-6,3
17.04.2020,Mirpur-10,7
17.04.2020,Mirpur-11,13
17.04.2020,Mirpur-12,11
17.04.2020,Mirpur-13,2
17.04.2020,Mirpur-14,6
17.04.2020,Mitford,17
17.04.2020,Mogbazar,11
17.04.2020,Mohakhali,12
17.04.2020,Mohonpur,1
17.04.2020,Mohammadpur,26
17.04.2020,Motijeel,1
17.04.2020,Mugda,3
17.04.2020,Nawabpur,1
17.04.2020,Nawabganj,2
17.04.2020,Narinda,3
17.04.2020,Nakhalpara,5
17.04.2020,Nikunja,1
17.04.2020,Pirerbagh,2
17.04.2020,Purana Paltan,2
17.04.2020,Rajarbagh,13
17.04.2020,Rampura,4
17.04.2020,Ramna,5
17.04.2020,Rayerbagh,1
17.04.2020,Rayerbazar,1
17.04.2020,Sabujbagh,2
17.04.2020,Sadarghat,1
17.04.2020,Sayedabad,1
17.04.2020,Science Lab,1
17.04.2020,Shah Ali Bagh,2
17.04.2020,Shahbag,6
17.04.2020,Shakharibazar,7
17.04.2020,Shantibagh,1
17.04.2020,Shampur,1
17.04.2020,Shantinagar,7
17.04.2020,Shaymoli,4
17.04.2020,Shewrapara,1
17.04.2020,Shekher Tek,1
17.04.2020,Showari Ghat,3
17.04.2020,Siddheshwari,3
17.04.2020,Sonir akhra,1
17.04.2020,Sutrapur,9
17.04.2020,Tejgaon,16
17.04.2020,Tezturi Bazar,1
17.04.2020,Tolarbag,19
17.04.2020,Urdu Road,1
17.04.2020,Uttara,20
17.04.2020,Vatara,1
17.04.2020,Wari,27
18.04.2020,Adabor,5
18.04.2020,Agargaon,5
18.04.2020,Armanitola,1
18.04.2020,Ashkona,1
18.04.2020,Azimpur,13
18.04.2020,Babu Bazar,11
18.04.2020,Badda,8
18.04.2020,Baily Road,3
18.04.2020,Banani,8
18.04.2020,Bangshal,16
18.04.2020,Banianagar,1
18.04.2020,Basabo,17
18.04.2020,Bashundhora,6
18.04.2020,Begunbari,1
18.04.2020,Begum Bazar,1
18.04.2020,Beribadh,1
18.04.2020,Bokshi Bazar,1
18.04.2020,Bosila,1
18.04.2020,Buet Area,1
18.04.2020,Cantonment,1
18.04.2020,Central Road,1
18.04.2020,Chankharpool,7
18.04.2020,Chawk Bazar,12
18.04.2020,Dhakkeshori,1
18.04.2020,Demra,3
18.04.2020,Dhanmondi,21
18.04.2020,Dholaikhal,1
18.04.2020,Doyaganj,1
18.04.2020,Eskaton,6
18.04.2020,Faridabagh,1
18.04.2020,Farmgate,1
18.04.2020,Gendaria,16
18.04.2020,Goran,1
18.04.2020,Gopibag,3
18.04.2020,Green Road,10
18.04.2020,Gulistan,3
18.04.2020,Gulshan,14
18.04.2020,Hatir jhil,1
18.04.2020,Hatirpool,3
18.04.2020,Hazaribagh,16
18.04.2020,Islampur,2
18.04.2020,Jailgate,2
18.04.2020,Jatrabari,25
18.04.2020,Jigatala,5
18.04.2020,Jurain,3
18.04.2020,Kallyanpur,2
18.04.2020,Kamrangir Char,4
18.04.2020,Kazi para,3
18.04.2020,Kawran Bazar,1
18.04.2020,Kochukhet,1
18.04.2020,Khilgaon,2
18.04.2020,Khilkhet,1
18.04.2020,Koltabazar,1
18.04.2020,Kodomtoli,2
18.04.2020,Kotowali,4
18.04.2020,Kuril,1
18.04.2020,Lalbagh,23
18.04.2020,Laxmibazar,5
18.04.2020,Malitola,1
18.04.2020,Malibagh,4
18.04.2020,Manikdi,1
18.04.2020,Matuail,1
18.04.2020,Mirhajaribagh,2
18.04.2020,Mirpur-1,8
18.04.2020,Mirpur-6,3
18.04.2020,Mirpur-10,7
18.04.2020,Mirpur-11,13
18.04.2020,Mirpur-12,11
18.04.2020,Mirpur-13,2
18.04.2020,Mirpur-14,6
18.04.2020,Mitford,26
18.04.2020,Mogbazar,11
18.04.2020,Mohakhali,12
18.04.2020,Mohonpur,1
18.04.2020,Mohammadpur,34
18.04.2020,Motijeel,1
18.04.2020,Mugda,3
18.04.2020,Nawabpur,1
18.04.2020,Nawabganj,2
18.04.2020,Narinda,3
18.04.2020,Nakhalpara,5
18.04.2020,Neemtoli,4
18.04.2020,Nikunja,1
18.04.2020,Pirerbagh,2
18.04.2020,Purana Paltan,2
18.04.2020,Rajarbagh,13
18.04.2020,Rampura,4
18.04.2020,Ramna,5
18.04.2020,Rayerbagh,1
18.04.2020,Raja Bazar,1
18.04.2020,Rayerbazar,1
18.04.2020,Sabujbagh,2
18.04.2020,Sadarghat,1
18.04.2020,Sayedabad,1
18.04.2020,Science Lab,1
18.04.2020,Shah Ali Bagh,2
18.04.2020,Shahbag,6
18.04.2020,Shakharibazar,10
18.04.2020,Shantibagh,1
18.04.2020,Shampur,1
18.04.2020,Shantinagar,8
18.04.2020,Shaymoli,7
18.04.2020,Shewrapara,1
18.04.2020,Shekher Tek,1
18.04.2020,Showari Ghat,3
18.04.2020,Siddheshwari,3
18.04.2020,Sonir akhra,1
18.04.2020,Sutrapur,9
18.04.2020,Tejgaon,16
18.04.2020,Tezturi Bazar,1
18.04.2020,Tolarbag,19
18.04.2020,Urdu Road,1
18.04.2020,Uttara,23
18.04.2020,Vatara,1
18.04.2020,Wari,28
19.04.2020,Adabor,5
19.04.2020,Agargaon,5
19.04.2020,Armanitola,1
19.04.2020,Ashkona,1
19.04.2020,Azimpur,14
19.04.2020,Babu Bazar,11
19.04.2020,Badda,9
19.04.2020,Baily Road,3
19.04.2020,Banani,8
19.04.2020,Banglamotor,1
19.04.2020,Bangshal,27
19.04.2020,Banianagar,1
19.04.2020,Basabo,18
19.04.2020,Bashundhora,6
19.04.2020,Begunbari,1
19.04.2020,Begum Bazar,1
19.04.2020,Beribadh,1
19.04.2020,Bokshi Bazar,1
19.04.2020,Bosila,1
19.04.2020,Buet Area,1
19.04.2020,Cantonment,2
19.04.2020,Central Road,1
19.04.2020,Chankharpool,8
19.04.2020,Chawk Bazar,15
19.04.2020,Dhakkeshori,1
19.04.2020,Demra,5
19.04.2020,Dhanmondi,21
19.04.2020,Dholaikhal,2
19.04.2020,Doyaganj,2
19.04.2020,Elephant Road,1
19.04.2020,Eskaton,8
19.04.2020,Faridabagh,1
19.04.2020,Farmgate,1
19.04.2020,Gendaria,19
19.04.2020,Golartek,1
19.04.2020,Goran,2
19.04.2020,Gopibag,6
19.04.2020,Green Road,10
19.04.2020,Gulistan,4
19.04.2020,Gulshan,14
19.04.2020,Hatir jhil,1
19.04.2020,Hatirpool,3
19.04.2020,Hazaribagh,17
19.04.2020,Islampur,2
19.04.2020,Jailgate,2
19.04.2020,Jatrabari,30
19.04.2020,Jigatala,5
19.04.2020,Jurain,4
19.04.2020,Kallyanpur,2
19.04.2020,Kalabagan,4
19.04.2020,Kathalbagan,1
19.04.2020,Kamrangir Char,4
19.04.2020,Kazi para,3
19.04.2020,Kawran Bazar,2
19.04.2020,Kochukhet,1
19.04.2020,Khilgaon,2
19.04.2020,Khilkhet,1
19.04.2020,Koltabazar,1
19.04.2020,Kodomtoli,2
19.04.2020,Kotowali,4
19.04.2020,Kuril,1
19.04.2020,Lalbagh,31
19.04.2020,Laxmibazar,5
19.04.2020,Malitola,1
19.04.2020,Malibagh,4
19.04.2020,Maniknagar,2
19.04.2020,Manikdi,1
19.04.2020,Matuail,3
19.04.2020,Mirhajaribagh,2
19.04.2020,Mirpur-1,11
19.04.2020,Mirpur-6,3
19.04.2020,Mirpur-10,7
19.04.2020,Mirpur-11,13
19.04.2020,Mirpur-12,11
19.04.2020,Mirpur-13,2
19.04.2020,Mirpur-14,8
19.04.2020,Mitford,28
19.04.2020,Mogbazar,12
19.04.2020,Mohakhali,14
19.04.2020,Mohonpur,1
19.04.2020,Mohammadpur,36
19.04.2020,Motijeel,1
19.04.2020,Mugda,4
19.04.2020,Nawabpur,1
19.04.2020,Nawabganj,2
19.04.2020,Narinda,5
19.04.2020,Nakhalpara,6
19.04.2020,Nayabazar,7
19.04.2020,Neemtoli,4
19.04.2020,Nikunja,1
19.04.2020,Pirerbagh,2
19.04.2020,Purana Paltan,2
19.04.2020,Rajarbagh,13
19.04.2020,Rampura,4
19.04.2020,Ramna,5
19.04.2020,Rayerbagh,1
19.04.2020,Raja Bazar,1
19.04.2020,Rayerbazar,2
19.04.2020,Sabujbagh,3
19.04.2020,Sadarghat,2
19.04.2020,Sahjanpur,3
19.04.2020,Sayedabad,1
19.04.2020,Segunbagicha,
19.04.2020,Science Lab,1
19.04.2020,Shah Ali Bagh,2
19.04.2020,Shahbag,10
19.04.2020,Shakharibazar,13
19.04.2020,Shantibagh,1
19.04.2020,Shampur,1
19.04.2020,Shantinagar,10
19.04.2020,Shaymoli,7
19.04.2020,Shewrapara,4
19.04.2020,Shekher Tek,1
19.04.2020,Showari Ghat,3
19.04.2020,Siddheshwari,4
19.04.2020,Sonir akhra,2
19.04.2020,Sutrapur,12
19.04.2020,TatiBazar,1
19.04.2020,Tejgaon,19
19.04.2020,Tezturi Bazar,1
19.04.2020,Tolarbag,19
19.04.2020,Urdu Road,1
19.04.2020,Uttara,23
19.04.2020,Vatara,1
19.04.2020,Wari,29
20.04.2020,Adabor,5
20.04.2020,Agargaon,5
20.04.2020,Aminbazar,1
20.04.2020,Amlapara,1
20.04.2020,Armanitola,1
20.04.2020,Ashkona,1
20.04.2020,Azimpur,15
20.04.2020,Babu Bazar,11
20.04.2020,Badda,9
20.04.2020,Baily Road,3
20.04.2020,Banasree,1
20.04.2020,Banani,8
20.04.2020,Banglamotor,1
20.04.2020,Bangshal,31
20.04.2020,Banianagar,1
20.04.2020,Basabo,19
20.04.2020,Bashundhora,6
20.04.2020,Begunbari,1
20.04.2020,Begum Bazar,1
20.04.2020,Beribadh,1
20.04.2020,Bokshi Bazar,1
20.04.2020,Bosila,1
20.04.2020,Buet Area,1
20.04.2020,Cantonment,2
20.04.2020,Central Road,1
20.04.2020,Chankharpool,8
20.04.2020,Chawk Bazar,19
20.04.2020,Dhakkeshori,1
20.04.2020,Demra,5
20.04.2020,Dhanmondi,23
20.04.2020,Dholaikhal,2
20.04.2020,Doyaganj,2
20.04.2020,Elephant Road,1
20.04.2020,Eskaton,8
20.04.2020,Faridabagh,1
20.04.2020,Farmgate,2
20.04.2020,Gendaria,21
20.04.2020,Golartek,1
20.04.2020,Goran,2
20.04.2020,Gonoktuli,1
20.04.2020,Gopibag,6
20.04.2020,Green Road,10
20.04.2020,Gulistan,4
20.04.2020,Gulshan,16
20.04.2020,Hatir jhil,1
20.04.2020,Hatirpool,3
20.04.2020,Hazaribagh,18
20.04.2020,Islampur,2
20.04.2020,Jailgate,2
20.04.2020,Jatrabari,33
20.04.2020,Jigatala,5
20.04.2020,Jurain,8
20.04.2020,Kallyanpur,2
20.04.2020,Kalabagan,4
20.04.2020,Kathalbagan,1
20.04.2020,Kamalapur,1
20.04.2020,Kamrangir Char,4
20.04.2020,Kazi para,3
20.04.2020,Kawran Bazar,3
20.04.2020,Kochukhet,1
20.04.2020,Khilgaon,2
20.04.2020,Khilkhet,1
20.04.2020,Koltabazar,1
20.04.2020,Kodomtoli,2
20.04.2020,Kotowali,4
20.04.2020,Kuril,1
20.04.2020,Lalbagh,31
20.04.2020,Laxmibazar,5
20.04.2020,Malitola,1
20.04.2020,Malibagh,4
20.04.2020,Maniknagar,2
20.04.2020,Manikdi,1
20.04.2020,Matuail,3
20.04.2020,Mirhajaribagh,2
20.04.2020,Mirpur-1,11
20.04.2020,Mirpur-6,3
20.04.2020,Mirpur-10,8
20.04.2020,Mirpur-11,13
20.04.2020,Mirpur-12,12
20.04.2020,Mirpur-13,2
20.04.2020,Mirpur-14,21
20.04.2020,Mitford,28
20.04.2020,Mogbazar,14
20.04.2020,Mohakhali,16
20.04.2020,Mohonpur,1
20.04.2020,Mohammadpur,38
20.04.2020,Motijeel,1
20.04.2020,Mugda,6
20.04.2020,Nawabpur,1
20.04.2020,Nawabganj,3
20.04.2020,Narinda,8
20.04.2020,Nakhalpara,6
20.04.2020,Nayabazar,7
20.04.2020,Neemtoli,4
20.04.2020,Nikunja,1
20.04.2020,Pallabi,2
20.04.2020,Pirerbagh,2
20.04.2020,Purana Paltan,2
20.04.2020,Rajarbagh,28
20.04.2020,Rampura,5
20.04.2020,Ramna,5
20.04.2020,Rayerbagh,1
20.04.2020,Raja Bazar,1
20.04.2020,Rayerbazar,2
20.04.2020,Sabujbagh,3
20.04.2020,Sadarghat,2
20.04.2020,Sahjanpur,3
20.04.2020,Sayedabad,1
20.04.2020,Segunbagicha,1
20.04.2020,Science Lab,1
20.04.2020,Shah Ali Bagh,2
20.04.2020,Shahbag,11
20.04.2020,Shakharibazar,18
20.04.2020,Shantibagh,1
20.04.2020,Shampur,1
20.04.2020,Shantinagar,10
20.04.2020,Shaymoli,7
20.04.2020,Shewrapara,4
20.04.2020,Shekher Tek,1
20.04.2020,Showari Ghat,3
20.04.2020,Siddheshwari,4
20.04.2020,Sonir akhra,2
20.04.2020,Sutrapur,12
20.04.2020,TatiBazar,2
20.04.2020,Tikatoli,2
20.04.2020,Tejgaon,23
20.04.2020,Turag,1
20.04.2020,Tezturi Bazar,1
20.04.2020,Tolarbag,19
20.04.2020,Urdu Road,1
20.04.2020,Uttara,23
20.04.2020,Vatara,1
20.04.2020,Wari,30
21.04.2020,Adabor,5
21.04.2020,Agargaon,5
21.04.2020,Aminbazar,1
21.04.2020,Amlapara,1
21.04.2020,Armanitola,1
21.04.2020,Ashkona,1
21.04.2020,Azimpur,15
21.04.2020,Babu Bazar,11
21.04.2020,Badda,9
21.04.2020,Baily Road,3
21.04.2020,Banasree,1
21.04.2020,Banani,8
21.04.2020,Banglamotor,1
21.04.2020,Bangshal,31
21.04.2020,Banianagar,1
21.04.2020,Basabo,19
21.04.2020,Bashundhora,6
21.04.2020,Begunbari,1
21.04.2020,Begum Bazar,1
21.04.2020,Beribadh,1
21.04.2020,Bokshi Bazar,1
21.04.2020,Bosila,1
21.04.2020,Buet Area,1
21.04.2020,Cantonment,2
21.04.2020,Central Road,1
21.04.2020,Chankharpool,8
21.04.2020,Chawk Bazar,31
21.04.2020,Dhakkeshori,1
21.04.2020,Demra,6
21.04.2020,Dhanmondi,26
21.04.2020,Dholaikhal,2
21.04.2020,Doyaganj,2
21.04.2020,Elephant Road,2
21.04.2020,Eskaton,8
21.04.2020,Faridabagh,1
21.04.2020,Fakirapool,1
21.04.2020,Farmgate,2
21.04.2020,Gendaria,21
21.04.2020,Golartek,1
21.04.2020,Goran,3
21.04.2020,Gonoktuli,2
21.04.2020,Gopibag,6
21.04.2020,Green Road,10
21.04.2020,Gulistan,4
21.04.2020,Gulshan,19
21.04.2020,Hatir jhil,1
21.04.2020,Hatirpool,3
21.04.2020,Hazaribagh,18
21.04.2020,Ibrahimpur,2
21.04.2020,Islampur,2
21.04.2020,Jailgate,2
21.04.2020,Jatrabari,35
21.04.2020,Jigatala,5
21.04.2020,Jurain,9
21.04.2020,Kallyanpur,2
21.04.2020,Kalabagan,4
21.04.2020,Kakrail,2
21.04.2020,Kathalbagan,1
21.04.2020,Kamalapur,1
21.04.2020,Kamrangir Char,4
21.04.2020,Kazi para,6
21.04.2020,Kawran Bazar,3
21.04.2020,Kochukhet,1
21.04.2020,Khilgaon,5
21.04.2020,Khilkhet,1
21.04.2020,Koltabazar,1
21.04.2020,Kodomtoli,2
21.04.2020,Kotowali,7
21.04.2020,Kuril,1
21.04.2020,Lalbagh,35
21.04.2020,Laxmibazar,5
21.04.2020,Madartek,1
21.04.2020,Malitola,1
21.04.2020,Malibagh,4
21.04.2020,Maniknagar,2
21.04.2020,Manikdi,1
21.04.2020,Matuail,3
21.04.2020,Mirhajaribagh,2
21.04.2020,Mirpur-1,11
21.04.2020,Mirpur-2,1
21.04.2020,Mirpur-6,4
21.04.2020,Mirpur-10,8
21.04.2020,Mirpur-11,16
21.04.2020,Mirpur-12,12
21.04.2020,Mirpur-13,2
21.04.2020,Mirpur-14,21
21.04.2020,Mitford,28
21.04.2020,Mogbazar,14
21.04.2020,Mohakhali,17
21.04.2020,Mohonpur,1
21.04.2020,Mohammadpur,44
21.04.2020,Motijeel,1
21.04.2020,Mugda,8
21.04.2020,Nawabpur,1
21.04.2020,Nazirabazar,2
21.04.2020,Nawabganj,4
21.04.2020,Narinda,8
21.04.2020,Nilkhet,1
21.04.2020,Nakhalpara,6
21.04.2020,Nayabazar,7
21.04.2020,Neemtoli,4
21.04.2020,Nikunja,1
21.04.2020,Pallabi,2
21.04.2020,Pirerbagh,2
21.04.2020,Postogola,2
21.04.2020,Purana Paltan,2
21.04.2020,Rajarbagh,50
21.04.2020,Rampura,5
21.04.2020,Ramna,5
21.04.2020,Rayerbagh,1
21.04.2020,Raja Bazar,1
21.04.2020,Rayerbazar,2
21.04.2020,Sabujbagh,4
21.04.2020,Sadarghat,3
21.04.2020,Sahjanpur,4
21.04.2020,Sayedabad,2
21.04.2020,Segunbagicha,1
21.04.2020,Science Lab,1
21.04.2020,Shah Ali Bagh,2
21.04.2020,Shahbag,11
21.04.2020,Shakharibazar,20
21.04.2020,Shantibagh,1
21.04.2020,Shampur,1
21.04.2020,Shantinagar,10
21.04.2020,Shaymoli,7
21.04.2020,Shewrapara,4
21.04.2020,Shekher Tek,1
21.04.2020,Showari Ghat,3
21.04.2020,Siddheshwari,4
21.04.2020,Sonir akhra,3
21.04.2020,Sutrapur,12
21.04.2020,TatiBazar,2
21.04.2020,Tikatoli,8
21.04.2020,Tejgaon,23
21.04.2020,Turag,1
21.04.2020,Tezturi Bazar,1
21.04.2020,Tolarbag,19
21.04.2020,Urdu Road,1
21.04.2020,Uttara,23
21.04.2020,Vatara,1
21.04.2020,Wari,30
22.04.2020,Adabor,6
22.04.2020,Agargaon,5
22.04.2020,Aminbazar,1
22.04.2020,Amlapara,1
22.04.2020,Armanitola,1
22.04.2020,Ashkona,1
22.04.2020,Azimpur,16
22.04.2020,Babu Bazar,11
22.04.2020,Badda,9
22.04.2020,Baily Road,3
22.04.2020,Banasree,1
22.04.2020,Banani,8
22.04.2020,Banglamotor,1
22.04.2020,Bangshal,34
22.04.2020,Banianagar,1
22.04.2020,Basabo,19
22.04.2020,Bashundhora,6
22.04.2020,Begunbari,1
22.04.2020,Begum Bazar,1
22.04.2020,Beribadh,1
22.04.2020,Bokshi Bazar,1
22.04.2020,Bosila,1
22.04.2020,Buet Area,1
22.04.2020,Cantonment,2
22.04.2020,Central Road,1
22.04.2020,Chankharpool,8
22.04.2020,Chawk Bazar,32
22.04.2020,Dania,1
22.04.2020,Dhakkeshori,1
22.04.2020,Demra,6
22.04.2020,Dhanmondi,26
22.04.2020,Dholaikhal,2
22.04.2020,Doyaganj,2
22.04.2020,Elephant Road,2
22.04.2020,Eskaton,8
22.04.2020,Faridabagh,1
22.04.2020,Fakirapool,1
22.04.2020,Farmgate,2
22.04.2020,Gendaria,22
22.04.2020,Golartek,1
22.04.2020,Goran,3
22.04.2020,Gonoktuli,3
22.04.2020,Gopibag,6
22.04.2020,Green Road,11
22.04.2020,Gulistan,6
22.04.2020,Gulshan,19
22.04.2020,Hatir jhil,1
22.04.2020,Hatirpool,3
22.04.2020,Hazaribagh,18
22.04.2020,Ibrahimpur,2
22.04.2020,Islampur,2
22.04.2020,Jailgate,2
22.04.2020,Jatrabari,37
22.04.2020,Jigatala,6
22.04.2020,Jurain,14
22.04.2020,Kallyanpur,2
22.04.2020,Kalabagan,4
22.04.2020,Kakrail,2
22.04.2020,Kathalbagan,1
22.04.2020,Kamalapur,1
22.04.2020,Kamrangir Char,5
22.04.2020,Kazi para,6
22.04.2020,Kawran Bazar,4
22.04.2020,Koratitola,1
22.04.2020,Kochukhet,1
22.04.2020,Khilgaon,5
22.04.2020,Khilkhet,1
22.04.2020,Koltabazar,1
22.04.2020,Kodomtoli,2
22.04.2020,Kotowali,7
22.04.2020,Kuril,1
22.04.2020,Lalbagh,39
22.04.2020,Laxmibazar,5
22.04.2020,Madartek,1
22.04.2020,Malitola,1
22.04.2020,Malibagh,7
22.04.2020,Maniknagar,2
22.04.2020,Manikdi,1
22.04.2020,Matuail,3
22.04.2020,Mirhajaribagh,2
22.04.2020,Mirpur-1,13
22.04.2020,Mirpur-2,1
22.04.2020,Mirpur-6,4
22.04.2020,Mirpur-10,8
22.04.2020,Mirpur-11,16
22.04.2020,Mirpur-12,12
22.04.2020,Mirpur-13,2
22.04.2020,Mirpur-14,21
22.04.2020,Mitford,28
22.04.2020,Mogbazar,18
22.04.2020,Mohakhali,21
22.04.2020,Mohonpur,1
22.04.2020,Mohammadpur,44
22.04.2020,Motijeel,1
22.04.2020,Mugda,8
22.04.2020,Nawabpur,1
22.04.2020,Nazirabazar,7
22.04.2020,Nawabganj,4
22.04.2020,Narinda,9
22.04.2020,Nilkhet,1
22.04.2020,Nakhalpara,6
22.04.2020,Nayabazar,7
22.04.2020,Neemtoli,4
22.04.2020,Nikunja,1
22.04.2020,Pallabi,2
22.04.2020,Pirerbagh,2
22.04.2020,Postogola,3
22.04.2020,Purana Paltan,2
22.04.2020,Rajarbagh,70
22.04.2020,Rampura,5
22.04.2020,Ramna,5
22.04.2020,Rayerbagh,1
22.04.2020,Raja Bazar,1
22.04.2020,Rosulpur,1
22.04.2020,Rupganj,1
22.04.2020,Rayerbazar,2
22.04.2020,Sabujbagh,4
22.04.2020,Sadarghat,3
22.04.2020,Sahjanpur,4
22.04.2020,Sayedabad,2
22.04.2020,Segunbagicha,1
22.04.2020,Science Lab,1
22.04.2020,Shah Ali Bagh,2
22.04.2020,Shahbag,16
22.04.2020,Shakharibazar,20
22.04.2020,Shantibagh,1
22.04.2020,Shampur,1
22.04.2020,Shantinagar,12
22.04.2020,Shaymoli,9
22.04.2020,Shewrapara,4
22.04.2020,Shekher Tek,1
22.04.2020,Showari Ghat,3
22.04.2020,Siddheshwari,4
22.04.2020,Sonir akhra,4
22.04.2020,Sutrapur,12
22.04.2020,TatiBazar,2
22.04.2020,Tikatoli,10
22.04.2020,Tejgaon,24
22.04.2020,Turag,1
22.04.2020,Tezturi Bazar,1
22.04.2020,Tolarbag,19
22.04.2020,Urdu Road,1
22.04.2020,Uttara,25
22.04.2020,Vatara,1
22.04.2020,Wari,30
24.04.2020,Abdullahpur,1
24.04.2020,Adabor,6
24.04.2020,Agargaon,11
24.04.2020,Aminbazar,1
24.04.2020,Amlapara,1
24.04.2020,Armanitola,1
24.04.2020,Ashkona,1
24.04.2020,Azimpur,16
24.04.2020,Babu Bazar,11
24.04.2020,Badda,14
24.04.2020,Baily Road,3
24.04.2020,Baridhara,7
24.04.2020,Banasree,1
24.04.2020,Banani,9
24.04.2020,Banglamotor,2
24.04.2020,Bangshal,40
24.04.2020,Banianagar,1
24.04.2020,Basabo,19
24.04.2020,Bijoynagar,1
24.04.2020,Bashundhora,7
24.04.2020,Begunbari,1
24.04.2020,Begum Bazar,1
24.04.2020,Beribadh,1
24.04.2020,Bokshi Bazar,4
24.04.2020,Bosila,1
24.04.2020,Buet Area,1
24.04.2020,Cantonment,4
24.04.2020,Central Road,2
24.04.2020,Chankharpool,12
24.04.2020,Chawk Bazar,32
24.04.2020,Dania,1
24.04.2020,Dakshinkhan,1
24.04.2020,Dhakkeshori,1
24.04.2020,Demra,8
24.04.2020,Dhanmondi,28
24.04.2020,Dholaikhal,2
24.04.2020,Doyaganj,2
24.04.2020,Elephant Road,4
24.04.2020,Eskaton,9
24.04.2020,Faridabagh,1
24.04.2020,Fakirapool,1
24.04.2020,Farmgate,3
24.04.2020,Gendaria,24
24.04.2020,Golartek,1
24.04.2020,Goran,3
24.04.2020,Gonoktuli,3
24.04.2020,Gopibag,6
24.04.2020,Green Road,11
24.04.2020,Gulistan,6
24.04.2020,Gulshan,20
24.04.2020,Hatir jhil,1
24.04.2020,Hatirpool,3
24.04.2020,Hazaribagh,20
24.04.2020,Ibrahimpur,2
24.04.2020,Islambagh,2
24.04.2020,Islampur,2
24.04.2020,Jailgate,2
24.04.2020,Jatrabari,58
24.04.2020,Jigatala,6
24.04.2020,Jurain,18
24.04.2020,Kallyanpur,4
24.04.2020,Kalabagan,4
24.04.2020,Kakrail,27
24.04.2020,Kathalbagan,1
24.04.2020,Kamalapur,1
24.04.2020,Kamrangir Char,7
24.04.2020,Kazi para,6
24.04.2020,Kawran Bazar,4
24.04.2020,Koratitola,1
24.04.2020,Kochukhet,1
24.04.2020,Khilgaon,18
24.04.2020,Khilkhet,1
24.04.2020,Koltabazar,1
24.04.2020,Kodomtoli,3
24.04.2020,Kotowali,8
24.04.2020,Kuril,1
24.04.2020,Lalbagh,47
24.04.2020,Laxmibazar,7
24.04.2020,Madartek,1
24.04.2020,Malitola,1
24.04.2020,Malibagh,10
24.04.2020,Maniknagar,2
24.04.2020,Manikdi,1
24.04.2020,Matuail,4
24.04.2020,Mirhajaribagh,2
24.04.2020,Mirpur-1,20
24.04.2020,Mirpur-2,1
24.04.2020,Mirpur-6,6
24.04.2020,Mirpur-10,9
24.04.2020,Mirpur-11,18
24.04.2020,Mirpur-12,12
24.04.2020,Mirpur-13,2
24.04.2020,Mirpur-14,36
24.04.2020,Mitford,28
24.04.2020,Mogbazar,20
24.04.2020,Mohakhali,32
24.04.2020,Mohonpur,1
24.04.2020,Mohammadpur,49
24.04.2020,Motijeel,1
24.04.2020,Mugda,40
24.04.2020,Nawabpur,1
24.04.2020,Nazirabazar,7
24.04.2020,Nawabganj,4
24.04.2020,Narinda,10
24.04.2020,Nilkhet,3
24.04.2020,Nakhalpara,8
24.04.2020,Nayabazar,7
24.04.2020,Neemtoli,4
24.04.2020,Nikunja,1
24.04.2020,Pallabi,2
24.04.2020,Pirerbagh,3
24.04.2020,Postogola,4
24.04.2020,Purana Paltan,27
24.04.2020,Rajarbagh,72
24.04.2020,Rampura,11
24.04.2020,Ramna,7
24.04.2020,Rayerbagh,1
24.04.2020,Raja Bazar,2
24.04.2020,Rosulpur,1
24.04.2020,Rupganj,1
24.04.2020,Rayerbazar,2
24.04.2020,Sabujbagh,4
24.04.2020,Sadarghat,3
24.04.2020,Sahjanpur,6
24.04.2020,Sayedabad,2
24.04.2020,Segunbagicha,2
24.04.2020,Science Lab,1
24.04.2020,Shah Ali Bagh,2
24.04.2020,Shahbag,27
24.04.2020,Shakharibazar,20
24.04.2020,Shantibagh,3
24.04.2020,Shampur,1
24.04.2020,Shantinagar,13
24.04.2020,Shaymoli,9
24.04.2020,Shewrapara,4
24.04.2020,Shekher Tek,1
24.04.2020,Showari Ghat,3
24.04.2020,Siddheshwari,4
24.04.2020,Sonir akhra,5
24.04.2020,Swamibagh,31
24.04.2020,Sutrapur,13
24.04.2020,TatiBazar,2
24.04.2020,Tikatoli,12
24.04.2020,Tejgaon,33
24.04.2020,Turag,1
24.04.2020,Tezturi Bazar,4
24.04.2020,Tolarbag,19
24.04.2020,Urdu Road,1
24.04.2020,Uttara,29
24.04.2020,Vatara,1
24.04.2020,Wari,34
25.04.2020,Abdullahpur,1
25.04.2020,Adabor,6
25.04.2020,Agargaon,11
25.04.2020,Aminbazar,1
25.04.2020,Amlapara,1
25.04.2020,Armanitola,1
25.04.2020,Ashkona,1
25.04.2020,Azimpur,17
25.04.2020,Babu Bazar,11
25.04.2020,Badda,14
25.04.2020,Baily Road,3
25.04.2020,Baridhara,7
25.04.2020,Banasree,1
25.04.2020,Banani,9
25.04.2020,Banglamotor,2
25.04.2020,Bangshal,41
25.04.2020,Banianagar,1
25.04.2020,Basabo,22
25.04.2020,Bijoynagar,1
25.04.2020,Bashundhora,7
25.04.2020,Begunbari,1
25.04.2020,Begum Bazar,1
25.04.2020,Beribadh,1
25.04.2020,Bokshi Bazar,5
25.04.2020,Bosila,1
25.04.2020,Buet Area,1
25.04.2020,Cantonment,5
25.04.2020,Central Road,2
25.04.2020,Chankharpool,18
25.04.2020,Chawk Bazar,32
25.04.2020,Dania,1
25.04.2020,Dakshinkhan,1
25.04.2020,Dhakkeshori,1
25.04.2020,Demra,8
25.04.2020,Dhanmondi,29
25.04.2020,Dholaikhal,2
25.04.2020,Doyaganj,2
25.04.2020,Elephant Road,4
25.04.2020,Eskaton,9
25.04.2020,Faridabagh,1
25.04.2020,Fakirapool,2
25.04.2020,Farmgate,3
25.04.2020,Gendaria,28
25.04.2020,Golartek,1
25.04.2020,Goran,3
25.04.2020,Gonoktuli,3
25.04.2020,Gopibag,6
25.04.2020,Green Road,12
25.04.2020,Gulistan,6
25.04.2020,Gulshan,20
25.04.2020,Hatir jhil,1
25.04.2020,Hatirpool,3
25.04.2020,Hazaribagh,22
25.04.2020,Ibrahimpur,2
25.04.2020,Islambagh,2
25.04.2020,Islampur,2
25.04.2020,Jailgate,2
25.04.2020,Jatrabari,63
25.04.2020,Jigatala,6
25.04.2020,Jurain,18
25.04.2020,Kallyanpur,5
25.04.2020,Kalabagan,4
25.04.2020,Kakrail,27
25.04.2020,Kathalbagan,1
25.04.2020,Kamalapur,1
25.04.2020,Kamrangir Char,7
25.04.2020,Kazi para,6
25.04.2020,Kawran Bazar,4
25.04.2020,Koratitola,1
25.04.2020,Kochukhet,1
25.04.2020,Khilgaon,19
25.04.2020,Khilkhet,1
25.04.2020,Koltabazar,1
25.04.2020,Kodomtoli,5
25.04.2020,Kotowali,8
25.04.2020,Kuril,1
25.04.2020,Lalbagh,54
25.04.2020,Laxmibazar,8
25.04.2020,Madartek,1
25.04.2020,Malitola,2
25.04.2020,Malibagh,10
25.04.2020,Maniknagar,2
25.04.2020,Manikdi,1
25.04.2020,Matuail,4
25.04.2020,Mirhajaribagh,2
25.04.2020,Mirpur-1,24
25.04.2020,Mirpur-2,1
25.04.2020,Mirpur-6,6
25.04.2020,Mirpur-10,10
25.04.2020,Mirpur-11,20
25.04.2020,Mirpur-12,13
25.04.2020,Mirpur-13,3
25.04.2020,Mirpur-14,36
25.04.2020,Mitford,28
25.04.2020,Mogbazar,20
25.04.2020,Mohakhali,34
25.04.2020,Mohonpur,1
25.04.2020,Mohammadpur,49
25.04.2020,Motijeel,1
25.04.2020,Mugda,41
25.04.2020,Nawabpur,1
25.04.2020,Nazirabazar,7
25.04.2020,Nawabganj,4
25.04.2020,Narinda,10
25.04.2020,Nilkhet,3
25.04.2020,Nakhalpara,8
25.04.2020,Nayabazar,7
25.04.2020,Neemtoli,4
25.04.2020,Nikunja,1
25.04.2020,Pallabi,2
25.04.2020,Pirerbagh,3
25.04.2020,Postogola,5
25.04.2020,Purana Paltan,27
25.04.2020,Rajarbagh,87
25.04.2020,Rampura,12
25.04.2020,Ramna,7
25.04.2020,Rayerbagh,1
25.04.2020,Raja Bazar,2
25.04.2020,Rosulpur,1
25.04.2020,Rupganj,1
25.04.2020,Rayerbazar,2
25.04.2020,Sabujbagh,4
25.04.2020,Sadarghat,3
25.04.2020,Sahjanpur,6
25.04.2020,Sayedabad,2
25.04.2020,Segunbagicha,2
25.04.2020,Science Lab,1
25.04.2020,Shah Ali Bagh,2
25.04.2020,Shahbag,27
25.04.2020,Shakharibazar,25
25.04.2020,Shantibagh,3
25.04.2020,Shampur,1
25.04.2020,Shantinagar,13
25.04.2020,Shaymoli,9
25.04.2020,Shewrapara,4
25.04.2020,Shekher Tek,1
25.04.2020,Showari Ghat,3
25.04.2020,Siddheshwari,4
25.04.2020,Sonir akhra,6
25.04.2020,Swamibagh,31
25.04.2020,Sher-E-Bangla Nagar,6
25.04.2020,Sutrapur,13
25.04.2020,TatiBazar,2
25.04.2020,Tikatoli,12
25.04.2020,Tejgaon,33
25.04.2020,Turag,1
25.04.2020,Tezturi Bazar,4
25.04.2020,Tolarbag,19
25.04.2020,Urdu Road,1
25.04.2020,Uttara,29
25.04.2020,Vatara,1
25.04.2020,Wari,34
26.04.2020,Abdullahpur,1
26.04.2020,Adabor,6
26.04.2020,Agargaon,11
26.04.2020,Aminbazar,2
26.04.2020,Amlapara,2
26.04.2020,Armanitola,2
26.04.2020,Ashkona,1
26.04.2020,Azimpur,17
26.04.2020,Babu Bazar,11
26.04.2020,Badda,17
26.04.2020,Baily Road,3
26.04.2020,Baridhara,7
26.04.2020,Banasree,1
26.04.2020,Banani,9
26.04.2020,Banglamotor,2
26.04.2020,Bangshal,47
26.04.2020,Banianagar,1
26.04.2020,Basabo,24
26.04.2020,Bijoynagar,1
26.04.2020,Bashundhora,7
26.04.2020,Begunbari,1
26.04.2020,Begum Bazar,1
26.04.2020,Beribadh,1
26.04.2020,Bokshi Bazar,5
26.04.2020,Bosila,1
26.04.2020,Buet Area,1
26.04.2020,Cantonment,5
26.04.2020,Central Road,2
26.04.2020,Chankharpool,23
26.04.2020,Chawk Bazar,32
26.04.2020,Dania,1
26.04.2020,Dakshinkhan,1
26.04.2020,Dhakkeshori,1
26.04.2020,Demra,8
26.04.2020,Dhanmondi,31
26.04.2020,Dholaikhal,2
26.04.2020,Doyaganj,2
26.04.2020,Elephant Road,4
26.04.2020,Eskaton,9
26.04.2020,Faridabagh,1
26.04.2020,Fakirapool,2
26.04.2020,Farmgate,3
26.04.2020,Gendaria,28
26.04.2020,Golartek,1
26.04.2020,Goran,3
26.04.2020,Gonoktuli,3
26.04.2020,Gopibag,8
26.04.2020,Green Road,12
26.04.2020,Gulistan,6
26.04.2020,Gulshan,22
26.04.2020,Hatir jhil,1
26.04.2020,Hatirpool,3
26.04.2020,Hazaribagh,24
26.04.2020,Ibrahimpur,2
26.04.2020,Islambagh,2
26.04.2020,Islampur,2
26.04.2020,Jailgate,2
26.04.2020,Jatrabari,67
26.04.2020,Jigatala,6
26.04.2020,Jurain,22
26.04.2020,Kallyanpur,6
26.04.2020,Kalabagan,5
26.04.2020,Kakrail,33
26.04.2020,Kathalbagan,1
26.04.2020,Kamalapur,2
26.04.2020,Kamrangir Char,7
26.04.2020,Kazi para,6
26.04.2020,Kawran Bazar,4
26.04.2020,Koratitola,1
26.04.2020,Kochukhet,1
26.04.2020,Khilgaon,19
26.04.2020,Khilkhet,1
26.04.2020,Koltabazar,1
26.04.2020,Kodomtoli,5
26.04.2020,Kotowali,8
26.04.2020,Kuril,1
26.04.2020,Lalbagh,59
26.04.2020,Laxmibazar,9
26.04.2020,Madartek,1
26.04.2020,Malitola,4
26.04.2020,Malibagh,13
26.04.2020,Maniknagar,2
26.04.2020,Manikdi,1
26.04.2020,Matuail,4
26.04.2020,Mirhajaribagh,2
26.04.2020,Mirpur-1,26
26.04.2020,Mirpur-2,1
26.04.2020,Mirpur-6,6
26.04.2020,Mirpur-10,11
26.04.2020,Mirpur-11,23
26.04.2020,Mirpur-12,14
26.04.2020,Mirpur-13,3
26.04.2020,Mirpur-14,36
26.04.2020,Mitford,38
26.04.2020,Mogbazar,25
26.04.2020,Monipur,1
26.04.2020,Mohakhali,38
26.04.2020,Mohonpur,1
26.04.2020,Mohammadpur,54
26.04.2020,Motijeel,2
26.04.2020,Mugda,41
26.04.2020,Nawabpur,1
26.04.2020,Nazirabazar,7
26.04.2020,Nawabganj,4
26.04.2020,Narinda,11
26.04.2020,Nilkhet,3
26.04.2020,Nakhalpara,9
26.04.2020,Nayabazar,7
26.04.2020,Neemtoli,4
26.04.2020,Nikunja,1
26.04.2020,Pallabi,2
26.04.2020,Pirerbagh,3
26.04.2020,Postogola,5
26.04.2020,Purana Paltan,27
26.04.2020,Rajarbagh,99
26.04.2020,Rampura,13
26.04.2020,Ramna,7
26.04.2020,Rayerbagh,1
26.04.2020,Raja Bazar,2
26.04.2020,Rosulpur,1
26.04.2020,Rupganj,1
26.04.2020,Rayerbazar,4
26.04.2020,Sabujbagh,4
26.04.2020,Sadarghat,3
26.04.2020,Sahjanpur,6
26.04.2020,Sayedabad,4
26.04.2020,Segunbagicha,2
26.04.2020,Science Lab,1
26.04.2020,Shah Ali Bagh,2
26.04.2020,Shahbag,34
26.04.2020,Shakharibazar,27
26.04.2020,Shantibagh,3
26.04.2020,Shampur,1
26.04.2020,Shantinagar,13
26.04.2020,Shaymoli,11
26.04.2020,Shewrapara,4
26.04.2020,Shekher Tek,1
26.04.2020,Showari Ghat,3
26.04.2020,Siddheshwari,4
26.04.2020,Sonir akhra,6
26.04.2020,Swamibagh,31
26.04.2020,Sher-E-Bangla Nagar,6
26.04.2020,Sutrapur,14
26.04.2020,TatiBazar,2
26.04.2020,Tikatoli,14
26.04.2020,Tejkunipara,1
26.04.2020,Tejgaon,36
26.04.2020,Turag,1
26.04.2020,Tezturi Bazar,4
26.04.2020,Tolarbag,19
26.04.2020,Urdu Road,1
26.04.2020,Uttara,33
26.04.2020,Vatara,1
26.04.2020,Wari,35
27.04.2020,Abdullahpur,1
27.04.2020,Adabor,6
27.04.2020,Agargaon,11
27.04.2020,Aminbazar,2
27.04.2020,Amlapara,2
27.04.2020,Armanitola,2
27.04.2020,Ashkona,1
27.04.2020,Azimpur,18
27.04.2020,Babu Bazar,11
27.04.2020,Badda,18
27.04.2020,Baily Road,3
27.04.2020,Baridhara,7
27.04.2020,Banasree,1
27.04.2020,Banani,9
27.04.2020,Banglamotor,2
27.04.2020,Bangshal,47
27.04.2020,Banianagar,1
27.04.2020,Basabo,24
27.04.2020,Bijoynagar,1
27.04.2020,Bashundhora,7
27.04.2020,Begunbari,1
27.04.2020,Begum Bazar,1
27.04.2020,Beribadh,1
27.04.2020,Bokshi Bazar,5
27.04.2020,Bosila,1
27.04.2020,Buet Area,1
27.04.2020,Cantonment,7
27.04.2020,Central Road,2
27.04.2020,Chankharpool,26
27.04.2020,Chawk Bazar,32
27.04.2020,Dania,1
27.04.2020,Dakshinkhan,1
27.04.2020,Dhakkeshori,1
27.04.2020,Demra,9
27.04.2020,Dhanmondi,36
27.04.2020,Dholaikhal,2
27.04.2020,Doyaganj,2
27.04.2020,Elephant Road,5
27.04.2020,Eskaton,9
27.04.2020,Faridabagh,1
27.04.2020,Fakirapool,2
27.04.2020,Farmgate,5
27.04.2020,Gendaria,29
27.04.2020,Golartek,1
27.04.2020,Goran,3
27.04.2020,Gonoktuli,3
27.04.2020,Gopibag,10
27.04.2020,Green Road,12
27.04.2020,Gulistan,6
27.04.2020,Gulshan,23
27.04.2020,Hatir jhil,1
27.04.2020,Hatirpool,3
27.04.2020,Hazaribagh,26
27.04.2020,Ibrahimpur,2
27.04.2020,Islambagh,2
27.04.2020,Islampur,2
27.04.2020,Jailgate,2
27.04.2020,Jatrabari,69
27.04.2020,Jigatala,6
27.04.2020,Jurain,22
27.04.2020,Kallyanpur,6
27.04.2020,Kalabagan,5
27.04.2020,Kakrail,44
27.04.2020,Kathalbagan,1
27.04.2020,Kamalapur,2
27.04.2020,Kamrangir Char,11
27.04.2020,Kazi para,7
27.04.2020,Kawran Bazar,5
27.04.2020,Koratitola,1
27.04.2020,Kochukhet,1
27.04.2020,Khilgaon,20
27.04.2020,Khilkhet,1
27.04.2020,Koltabazar,1
27.04.2020,Kodomtoli,5
27.04.2020,Kotowali,9
27.04.2020,Kuril,1
27.04.2020,Lalbagh,65
27.04.2020,Laxmibazar,10
27.04.2020,Madartek,1
27.04.2020,Malitola,4
27.04.2020,Malibagh,18
27.04.2020,Maniknagar,2
27.04.2020,Manikdi,1
27.04.2020,Matuail,4
27.04.2020,Mirhajaribagh,3
27.04.2020,Mirpur-1,29
27.04.2020,Mirpur-2,2
27.04.2020,Mirpur-6,6
27.04.2020,Mirpur-10,13
27.04.2020,Mirpur-11,25
27.04.2020,Mirpur-12,16
27.04.2020,Mirpur-13,3
27.04.2020,Mirpur-14,37
27.04.2020,Mitford,38
27.04.2020,Mogbazar,28
27.04.2020,Monipur,1
27.04.2020,Mohakhali,42
27.04.2020,Mohonpur,1
27.04.2020,Mohammadpur,57
27.04.2020,Motijeel,2
27.04.2020,Mugda,41
27.04.2020,Nawabpur,1
27.04.2020,Nazirabazar,7
27.04.2020,Nawabganj,4
27.04.2020,Narinda,11
27.04.2020,Nilkhet,3
27.04.2020,Nakhalpara,9
27.04.2020,Nayabazar,7
27.04.2020,Neemtoli,4
27.04.2020,Nikunja,1
27.04.2020,Pallabi,2
27.04.2020,Pirerbagh,3
27.04.2020,Postogola,5
27.04.2020,Purana Paltan,27
27.04.2020,Rajarbagh,110
27.04.2020,Rampura,15
27.04.2020,Ramna,8
27.04.2020,Rayerbagh,2
27.04.2020,Raja Bazar,2
27.04.2020,Rosulpur,1
27.04.2020,Rupganj,1
27.04.2020,Rayerbazar,4
27.04.2020,Sabujbagh,7
27.04.2020,Sadarghat,3
27.04.2020,Sahjanpur,7
27.04.2020,Sayedabad,4
27.04.2020,Segunbagicha,4
27.04.2020,Science Lab,1
27.04.2020,Shah Ali Bagh,2
27.04.2020,Shahbag,36
27.04.2020,Shakharibazar,28
27.04.2020,Shantibagh,4
27.04.2020,Shampur,1
27.04.2020,Shantinagar,14
27.04.2020,Shaymoli,11
27.04.2020,Shewrapara,4
27.04.2020,Shekher Tek,1
27.04.2020,Showari Ghat,3
27.04.2020,Siddheshwari,4
27.04.2020,Sonir akhra,6
27.04.2020,Swamibagh,31
27.04.2020,Sher-E-Bangla Nagar,6
27.04.2020,Sutrapur,14
27.04.2020,TatiBazar,3
27.04.2020,Tikatoli,14
27.04.2020,Tejkunipara,2
27.04.2020,Tejgaon,40
27.04.2020,Turag,1
27.04.2020,Tezturi Bazar,4
27.04.2020,Tolarbag,19
27.04.2020,Urdu Road,1
27.04.2020,Uttara,37
27.04.2020,Vatara,2
27.04.2020,Wari,36
28.04.2020,Abdullahpur,1
28.04.2020,Adabor,7
28.04.2020,Agargaon,11
28.04.2020,Aminbazar,2
28.04.2020,Amlapara,2
28.04.2020,Armanitola,2
28.04.2020,Ashkona,1
28.04.2020,Azimpur,18
28.04.2020,Babu Bazar,11
28.04.2020,Badda,22
28.04.2020,Baily Road,4
28.04.2020,Baridhara,7
28.04.2020,Banasree,1
28.04.2020,Banani,9
28.04.2020,Banglamotor,2
28.04.2020,Bangshal,49
28.04.2020,Banianagar,1
28.04.2020,Basabo,28
28.04.2020,Bijoynagar,1
28.04.2020,Bashundhora,8
28.04.2020,Begunbari,1
28.04.2020,Begum Bazar,1
28.04.2020,Beribadh,1
28.04.2020,Bokshi Bazar,5
28.04.2020,Bosila,1
28.04.2020,Buet Area,1
28.04.2020,Cantonment,7
28.04.2020,Central Road,2
28.04.2020,Chankharpool,27
28.04.2020,Chawk Bazar,32
28.04.2020,Dania,1
28.04.2020,Dakshinkhan,1
28.04.2020,Dhakkeshori,1
28.04.2020,Demra,9
28.04.2020,Dhanmondi,37
28.04.2020,Dholaikhal,2
28.04.2020,Doyaganj,2
28.04.2020,Elephant Road,5
28.04.2020,Eskaton,9
28.04.2020,Faridabagh,1
28.04.2020,Fakirapool,2
28.04.2020,Farmgate,5
28.04.2020,Gendaria,32
28.04.2020,Golartek,1
28.04.2020,Goran,3
28.04.2020,Gonoktuli,3
28.04.2020,Gopibag,11
28.04.2020,Green Road,12
28.04.2020,Gulistan,7
28.04.2020,Gulshan,24
28.04.2020,Hatir jhil,3
28.04.2020,Hatirpool,3
28.04.2020,Hazaribagh,27
28.04.2020,Ibrahimpur,2
28.04.2020,Islambagh,2
28.04.2020,Islampur,2
28.04.2020,Jailgate,2
28.04.2020,Jatrabari,70
28.04.2020,Jigatala,6
28.04.2020,Jurain,22
28.04.2020,Kallyanpur,6
28.04.2020,Kalabagan,6
28.04.2020,Kakrail,47
28.04.2020,Kathalbagan,1
28.04.2020,Kamalapur,2
28.04.2020,Kamrangir Char,16
28.04.2020,Kazi para,8
28.04.2020,Kawran Bazar,5
28.04.2020,Koratitola,1
28.04.2020,Kochukhet,1
28.04.2020,Khilgaon,26
28.04.2020,Khilkhet,3
28.04.2020,Koltabazar,1
28.04.2020,Kodomtoli,5
28.04.2020,Kotowali,9
28.04.2020,Kuril,2
28.04.2020,Lalbagh,67
28.04.2020,Laxmibazar,10
28.04.2020,Madartek,2
28.04.2020,Malitola,4
28.04.2020,Malibagh,30
28.04.2020,Manda,1
28.04.2020,Maniknagar,2
28.04.2020,Manikdi,1
28.04.2020,Matuail,4
28.04.2020,Meradia,2
28.04.2020,Mirhajaribagh,3
28.04.2020,Mirpur-1,29
28.04.2020,Mirpur-2,2
28.04.2020,Mirpur-6,6
28.04.2020,Mirpur-10,14
28.04.2020,Mirpur-11,28
28.04.2020,Mirpur-12,16
28.04.2020,Mirpur-13,3
28.04.2020,Mirpur-14,37
28.04.2020,Mitford,38
28.04.2020,Mogbazar,35
28.04.2020,Monipur,1
28.04.2020,Mohakhali,54
28.04.2020,Mohonpur,1
28.04.2020,Mohammadpur,61
28.04.2020,Motijeel,2
28.04.2020,Mugda,43
28.04.2020,Nawabpur,1
28.04.2020,Nazirabazar,9
28.04.2020,Nawabganj,4
28.04.2020,Narinda,11
28.04.2020,Nilkhet,3
28.04.2020,Nakhalpara,9
28.04.2020,Nayabazar,7
28.04.2020,Neemtoli,4
28.04.2020,Nikunja,1
28.04.2020,Pallabi,2
28.04.2020,Pirerbagh,3
28.04.2020,Postogola,5
28.04.2020,Purana Paltan,27
28.04.2020,Rajarbagh,119
28.04.2020,Rampura,16
28.04.2020,Ramna,9
28.04.2020,Rayerbagh,2
28.04.2020,Raja Bazar,2
28.04.2020,Rosulpur,1
28.04.2020,Rupganj,1
28.04.2020,Rayerbazar,4
28.04.2020,Sabujbagh,7
28.04.2020,Sadarghat,3
28.04.2020,Sahjanpur,10
28.04.2020,Sayedabad,4
28.04.2020,Segunbagicha,4
28.04.2020,Science Lab,1
28.04.2020,Shah Ali Bagh,2
28.04.2020,Shahbag,36
28.04.2020,Shakharibazar,28
28.04.2020,Shantibagh,5
28.04.2020,Shampur,1
28.04.2020,Shantinagar,14
28.04.2020,Shaymoli,12
28.04.2020,Shewrapara,4
28.04.2020,Shekher Tek,1
28.04.2020,Showari Ghat,3
28.04.2020,Siddheshwari,4
28.04.2020,Sonir akhra,6
28.04.2020,Swamibagh,31
28.04.2020,Sher-E-Bangla Nagar,6
28.04.2020,Sutrapur,16
28.04.2020,TatiBazar,3
28.04.2020,Tikatoli,14
28.04.2020,Tejkunipara,2
28.04.2020,Tejgaon,44
28.04.2020,Turag,1
28.04.2020,Tezturi Bazar,4
28.04.2020,Tongi,9
28.04.2020,Tolarbag,19
28.04.2020,Urdu Road,1
28.04.2020,Uttara,46
28.04.2020,Vatara,2
28.04.2020,Wari,37
29.04.2020,Abdullahpur,1
29.04.2020,Adabor,9
29.04.2020,Agargaon,12
29.04.2020,Aminbazar,2
29.04.2020,Amlapara,2
29.04.2020,Armanitola,2
29.04.2020,Ashkona,1
29.04.2020,Azimpur,18
29.04.2020,Babu Bazar,11
29.04.2020,Badda,31
29.04.2020,Baily Road,4
29.04.2020,Baridhara,7
29.04.2020,Banasree,1
29.04.2020,Banani,10
29.04.2020,Banglamotor,3
29.04.2020,Bangshal,52
29.04.2020,Banianagar,1
29.04.2020,Basabo,32
29.04.2020,Bijoynagar,1
29.04.2020,Bashundhora,13
29.04.2020,Begunbari,1
29.04.2020,Begum Bazar,1
29.04.2020,Beribadh,1
29.04.2020,Bokshi Bazar,5
29.04.2020,Bosila,1
29.04.2020,Buet Area,1
29.04.2020,Cantonment,7
29.04.2020,Central Road,2
29.04.2020,Chankharpool,29
29.04.2020,Chawk Bazar,32
29.04.2020,Dania,1
29.04.2020,Dakshinkhan,1
29.04.2020,Dhakkeshori,1
29.04.2020,Demra,9
29.04.2020,Dhanmondi,37
29.04.2020,Dhalpur,2
29.04.2020,Dholaipar,2
29.04.2020,Dholaikhal,2
29.04.2020,Doyaganj,3
29.04.2020,Elephant Road,8
29.04.2020,Eskaton,9
29.04.2020,Faridabagh,1
29.04.2020,Fakirapool,2
29.04.2020,Farmgate,5
29.04.2020,Gendaria,36
29.04.2020,Golartek,1
29.04.2020,Goran,3
29.04.2020,Golapbagh,2
29.04.2020,Gonoktuli,3
29.04.2020,Gopibag,18
29.04.2020,Green Road,12
29.04.2020,Gulistan,7
29.04.2020,Gulshan,25
29.04.2020,Hatir jhil,3
29.04.2020,Hatirpool,3
29.04.2020,Hazaribagh,35
29.04.2020,Ibrahimpur,2
29.04.2020,Islambagh,2
29.04.2020,Islampur,2
29.04.2020,Jailgate,2
29.04.2020,Jatrabari,77
29.04.2020,Jigatala,6
29.04.2020,Jurain,24
29.04.2020,Kallyanpur,6
29.04.2020,Kalabagan,6
29.04.2020,Kakrail,74
29.04.2020,Kathalbagan,1
29.04.2020,Kamalapur,2
29.04.2020,Kamrangir Char,22
29.04.2020,Kazi para,8
29.04.2020,Kawran Bazar,6
29.04.2020,Koratitola,1
29.04.2020,Kochukhet,1
29.04.2020,Khilgaon,29
29.04.2020,Khilkhet,3
29.04.2020,Koltabazar,1
29.04.2020,Kodomtoli,6
29.04.2020,Kotowali,11
29.04.2020,Kuril,2
29.04.2020,Lalbagh,76
29.04.2020,Laxmibazar,10
29.04.2020,Madartek,3
29.04.2020,Malitola,4
29.04.2020,Malibagh,37
29.04.2020,Manda,7
29.04.2020,Maniknagar,3
29.04.2020,Manikdi,1
29.04.2020,Matuail,4
29.04.2020,Meradia,2
29.04.2020,Mirhajaribagh,3
29.04.2020,Mirpur-1,30
29.04.2020,Mirpur-2,2
29.04.2020,Mirpur-6,6
29.04.2020,Mirpur-10,14
29.04.2020,Mirpur-11,30
29.04.2020,Mirpur-12,18
29.04.2020,Mirpur-13,3
29.04.2020,Mirpur-14,37
29.04.2020,Mitford,38
29.04.2020,Mogbazar,36
29.04.2020,Monipur,1
29.04.2020,Mohakhali,59
29.04.2020,Mohonpur,1
29.04.2020,Mohammadpur,65
29.04.2020,Motijeel,2
29.04.2020,Mugda,53
29.04.2020,Nawabpur,1
29.04.2020,Nazirabazar,9
29.04.2020,Nawabganj,4
29.04.2020,Narinda,11
29.04.2020,Nilkhet,3
29.04.2020,Nakhalpara,9
29.04.2020,Nayabazar,7
29.04.2020,Neemtoli,5
29.04.2020,Nikunja,1
29.04.2020,Pallabi,5
29.04.2020,Pirerbagh,3
29.04.2020,Postogola,5
29.04.2020,Purana Paltan,27
29.04.2020,Rajarbagh,130
29.04.2020,Rampura,21
29.04.2020,Ramna,9
29.04.2020,Rayerbagh,2
29.04.2020,Raja Bazar,2
29.04.2020,Rosulpur,1
29.04.2020,Rupganj,1
29.04.2020,Rayerbazar,4
29.04.2020,Sabujbagh,7
29.04.2020,Sadarghat,3
29.04.2020,Sahjanpur,12
29.04.2020,Sayedabad,4
29.04.2020,Segunbagicha,4
29.04.2020,Science Lab,1
29.04.2020,Shah Ali Bagh,2
29.04.2020,Shahbag,49
29.04.2020,Shakharibazar,28
29.04.2020,Shantibagh,5
29.04.2020,Shampur,1
29.04.2020,Shantinagar,15
29.04.2020,Shaymoli,17
29.04.2020,Shewrapara,7
29.04.2020,Shekher Tek,1
29.04.2020,Showari Ghat,3
29.04.2020,Sipahibag,1
29.04.2020,Siddheshwari,4
29.04.2020,Sonir akhra,8
29.04.2020,Swamibagh,31
29.04.2020,Sher-E-Bangla Nagar,6
29.04.2020,Sutrapur,17
29.04.2020,TatiBazar,3
29.04.2020,Tikatoli,15
29.04.2020,Tejkunipara,3
29.04.2020,Tejgaon,45
29.04.2020,Turag,1
29.04.2020,Tezturi Bazar,4
29.04.2020,Tongi,9
29.04.2020,Tolarbag,19
29.04.2020,Urdu Road,1
29.04.2020,Uttara,55
29.04.2020,Vatara,2
29.04.2020,Wari,39
30.04.2020,Abdullahpur,1
30.04.2020,Adabor,9
30.04.2020,Agargaon,12
30.04.2020,Aminbazar,2
30.04.2020,Amlapara,2
30.04.2020,Armanitola,3
30.04.2020,Ashkona,1
30.04.2020,Azimpur,19
30.04.2020,Babu Bazar,29
30.04.2020,Badda,40
30.04.2020,Baily Road,4
30.04.2020,Bakshibazar,2
30.04.2020,Baridhara,7
30.04.2020,Banasree,2
30.04.2020,Banani,10
30.04.2020,Banglamotor,3
30.04.2020,Bangshal,54
30.04.2020,Banianagar,1
30.04.2020,Basabo,33
30.04.2020,Bijoynagar,1
30.04.2020,Bashundhora,13
30.04.2020,Begunbari,2
30.04.2020,Begum Bazar,1
30.04.2020,Beribadh,1
30.04.2020,Bokshi Bazar,5
30.04.2020,Bosila,1
30.04.2020,Buet Area,1
30.04.2020,Cantonment,8
30.04.2020,Central Road,2
30.04.2020,Chankharpool,31
30.04.2020,Chawk Bazar,32
30.04.2020,Dania,1
30.04.2020,Dakshinkhan,1
30.04.2020,Dhakkeshori,1
30.04.2020,Demra,10
30.04.2020,Dhanmondi,37
30.04.2020,Dhalpur,2
30.04.2020,Dholaipar,2
30.04.2020,Dholaikhal,2
30.04.2020,Doyaganj,3
30.04.2020,Elephant Road,10
30.04.2020,Eskaton,10
30.04.2020,Faridabagh,1
30.04.2020,Fakirapool,2
30.04.2020,Forashganj,2
30.04.2020,Farmgate,18
30.04.2020,Gendaria,42
30.04.2020,Golartek,1
30.04.2020,Goran,3
30.04.2020,Golapbagh,3
30.04.2020,Gonoktuli,3
30.04.2020,Gopibag,19
30.04.2020,Green Road,12
30.04.2020,Gulistan,7
30.04.2020,Gulshan,27
30.04.2020,Hatir jhil,5
30.04.2020,Hatirpool,3
30.04.2020,Hazaribagh,36
30.04.2020,Ibrahimpur,2
30.04.2020,Islambagh,2
30.04.2020,Islampur,2
30.04.2020,Jailgate,2
30.04.2020,Jatrabari,91
30.04.2020,Jigatala,7
30.04.2020,Jurain,27
30.04.2020,Kallyanpur,6
30.04.2020,Kalabagan,7
30.04.2020,Kakrail,135
30.04.2020,Kathalbagan,1
30.04.2020,Kamalapur,2
30.04.2020,Kamrangir Char,23
30.04.2020,Kazi para,10
30.04.2020,Kawran Bazar,10
30.04.2020,Koratitola,1
30.04.2020,Kosaituli,1
30.04.2020,Kochukhet,1
30.04.2020,Khilgaon,31
30.04.2020,Khilkhet,3
30.04.2020,Koltabazar,1
30.04.2020,Kodomtoli,6
30.04.2020,Kotowali,11
30.04.2020,Kutubkhali,6
30.04.2020,Kuril,2
30.04.2020,Lalbagh,77
30.04.2020,Laxmibazar,10
30.04.2020,Madartek,3
30.04.2020,Malitola,4
30.04.2020,Malibagh,49
30.04.2020,Matikata,4
30.04.2020,Manda,10
30.04.2020,Maniknagar,4
30.04.2020,Manikdi,1
30.04.2020,Matuail,5
30.04.2020,Meradia,2
30.04.2020,Mirhajaribagh,5
30.04.2020,Mirpur-1,31
30.04.2020,Mirpur-2,2
30.04.2020,Mirpur-6,6
30.04.2020,Mirpur-10,17
30.04.2020,Mirpur-11,31
30.04.2020,Mirpur-12,18
30.04.2020,Mirpur-13,3
30.04.2020,Mirpur-14,37
30.04.2020,Mitford,38
30.04.2020,Mogbazar,40
30.04.2020,Monipur,1
30.04.2020,Mohakhali,64
30.04.2020,Mohonpur,1
30.04.2020,Mohammadpur,68
30.04.2020,Motijeel,2
30.04.2020,Mugda,62
30.04.2020,Nawabpur,1
30.04.2020,Nazirabazar,9
30.04.2020,Nawabganj,4
30.04.2020,Narinda,13
30.04.2020,Nilkhet,3
30.04.2020,Nakhalpara,11
30.04.2020,Nayabazar,8
30.04.2020,Neemtoli,5
30.04.2020,Nikunja,1
30.04.2020,Pallabi,5
30.04.2020,Paltan,29
30.04.2020,Pirerbagh,3
30.04.2020,Postogola,6
30.04.2020,Purana Paltan,27
30.04.2020,Rajarbagh,138
30.04.2020,Rampura,22
30.04.2020,Ramna,12
30.04.2020,Rayerbagh,2
30.04.2020,Raja Bazar,2
30.04.2020,Rosulpur,1
30.04.2020,Rupganj,1
30.04.2020,Rayerbazar,4
30.04.2020,Sabujbagh,7
30.04.2020,Sadarghat,3
30.04.2020,Sahjanpur,14
30.04.2020,Sayedabad,4
30.04.2020,Segunbagicha,4
30.04.2020,Science Lab,1
30.04.2020,Shah Ali Bagh,2
30.04.2020,Shahbag,50
30.04.2020,Shakharibazar,28
30.04.2020,Shantibagh,9
30.04.2020,Shampur,1
30.04.2020,Shantinagar,15
30.04.2020,Shaymoli,22
30.04.2020,Shewrapara,7
30.04.2020,Shekher Tek,1
30.04.2020,Showari Ghat,3
30.04.2020,Sipahibag,1
30.04.2020,Siddheshwari,4
30.04.2020,Sonir akhra,12
30.04.2020,Swamibagh,31
30.04.2020,Sher-E-Bangla Nagar,6
30.04.2020,Sutrapur,18
30.04.2020,TatiBazar,6
30.04.2020,Tikatoli,16
30.04.2020,Tejkunipara,3
30.04.2020,Tejgaon,50
30.04.2020,Turag,1
30.04.2020,Tezturi Bazar,4
30.04.2020,Tongi,10
30.04.2020,Tolarbag,19
30.04.2020,Urdu Road,1
30.04.2020,Uttara,59
30.04.2020,Vatara,2
30.04.2020,Wari,41
01.05.2020,Abdullahpur,1
01.05.2020,Adabor,9
01.05.2020,Agargaon,12
01.05.2020,Aminbazar,2
01.05.2020,Amlapara,2
01.05.2020,Arambagh,2
01.05.2020,Armanitola,3
01.05.2020,Ashkona,1
01.05.2020,Azimpur,21
01.05.2020,Babu Bazar,29
01.05.2020,Badda,41
01.05.2020,Baily Road,4
01.05.2020,Bakshibazar,2
01.05.2020,Baridhara,7
01.05.2020,Banasree,2
01.05.2020,Banani,12
01.05.2020,Banglamotor,3
01.05.2020,Bangshal,56
01.05.2020,Banianagar,1
01.05.2020,Basabo,34
01.05.2020,Bijoynagar,1
01.05.2020,Bashundhora,13
01.05.2020,Begunbari,2
01.05.2020,Begum Bazar,1
01.05.2020,Beribadh,1
01.05.2020,Bokshi Bazar,5
01.05.2020,Bosila,1
01.05.2020,Buet Area,1
01.05.2020,Cantonment,8
01.05.2020,Central Road,2
01.05.2020,Chankharpool,31
01.05.2020,Chawk Bazar,32
01.05.2020,Dania,4
01.05.2020,Dakshinkhan,1
01.05.2020,Dhakkeshori,1
01.05.2020,Demra,10
01.05.2020,Dhanmondi,38
01.05.2020,Dhalpur,4
01.05.2020,Dholaipar,2
01.05.2020,Dholaikhal,2
01.05.2020,Doyaganj,3
01.05.2020,Elephant Road,11
01.05.2020,Eskaton,13
01.05.2020,Faridabagh,1
01.05.2020,Fakirapool,2
01.05.2020,Forashganj,2
01.05.2020,Farmgate,18
01.05.2020,Gendaria,45
01.05.2020,Golartek,1
01.05.2020,Goran,3
01.05.2020,Golapbagh,3
01.05.2020,Gonoktuli,3
01.05.2020,Gopibag,19
01.05.2020,Green Road,12
01.05.2020,Gulistan,7
01.05.2020,Gulshan,27
01.05.2020,Hatir jhil,5
01.05.2020,Hatirpool,4
01.05.2020,Hazaribagh,38
01.05.2020,Ibrahimpur,2
01.05.2020,Islambagh,2
01.05.2020,Islampur,2
01.05.2020,Jailgate,2
01.05.2020,Jatrabari,99
01.05.2020,Jigatala,7
01.05.2020,Jurain,32
01.05.2020,Kallyanpur,6
01.05.2020,Kalabagan,7
01.05.2020,Kakrail,137
01.05.2020,Kathalbagan,1
01.05.2020,Kamalapur,3
01.05.2020,kajla,3
01.05.2020,Kamrangir Char,24
01.05.2020,Kazi para,10
01.05.2020,Kawran Bazar,10
01.05.2020,Koratitola,1
01.05.2020,Kosaituli,1
01.05.2020,Kochukhet,1
01.05.2020,Khilgaon,35
01.05.2020,Khilkhet,4
01.05.2020,Koltabazar,1
01.05.2020,Kodomtoli,6
01.05.2020,Kotowali,11
01.05.2020,Kutubkhali,6
01.05.2020,Kuril,2
01.05.2020,Lalbagh,78
01.05.2020,Laxmibazar,12
01.05.2020,Madartek,3
01.05.2020,Malitola,4
01.05.2020,Malibagh,58
01.05.2020,Matikata,4
01.05.2020,Manda,11
01.05.2020,Maniknagar,5
01.05.2020,Manikdi,1
01.05.2020,Matuail,5
01.05.2020,Meradia,3
01.05.2020,Mirhajaribagh,5
01.05.2020,Mirpur-1,32
01.05.2020,Mirpur-2,2
01.05.2020,Mirpur-6,7
01.05.2020,Mirpur-10,18
01.05.2020,Mirpur-11,31
01.05.2020,Mirpur-12,18
01.05.2020,Mirpur-13,3
01.05.2020,Mirpur-14,37
01.05.2020,Mitford,38
01.05.2020,Mogbazar,43
01.05.2020,Monipur,1
01.05.2020,Mohakhali,68
01.05.2020,Mohonpur,1
01.05.2020,Mohammadpur,80
01.05.2020,Motijeel,4
01.05.2020,Mugda,69
01.05.2020,Nawabpur,2
01.05.2020,Nazirabazar,9
01.05.2020,Nawabganj,4
01.05.2020,Narinda,14
01.05.2020,New market,10
01.05.2020,Nilkhet,4
01.05.2020,Nakhalpara,11
01.05.2020,Nayabazar,8
01.05.2020,Neemtoli,5
01.05.2020,Nikunja,1
01.05.2020,Pallabi,5
01.05.2020,Paltan,29
01.05.2020,Pirerbagh,3
01.05.2020,Postogola,6
01.05.2020,Purana Paltan,27
01.05.2020,Rajarbagh,150
01.05.2020,Rampura,25
01.05.2020,Ramna,12
01.05.2020,Rayerbagh,5
01.05.2020,Raja Bazar,2
01.05.2020,Rosulpur,1
01.05.2020,Rupganj,1
01.05.2020,Rayerbazar,4
01.05.2020,Sabujbagh,7
01.05.2020,Sadarghat,3
01.05.2020,Sahjanpur,15
01.05.2020,Sayedabad,8
01.05.2020,Segunbagicha,4
01.05.2020,Science Lab,1
01.05.2020,Shah Ali Bagh,2
01.05.2020,Shahbag,51
01.05.2020,Shakharibazar,28
01.05.2020,Shantibagh,9
01.05.2020,Shampur,1
01.05.2020,Shantinagar,15
01.05.2020,Shaymoli,23
01.05.2020,Shewrapara,8
01.05.2020,Shekher Tek,1
01.05.2020,Showari Ghat,3
01.05.2020,Sipahibag,1
01.05.2020,Siddheshwari,4
01.05.2020,Sonir akhra,12
01.05.2020,Swamibagh,31
01.05.2020,Sher-E-Bangla Nagar,6
01.05.2020,Sutrapur,19
01.05.2020,TatiBazar,7
01.05.2020,Tikatoli,17
01.05.2020,Tejkunipara,3
01.05.2020,Tejgaon,50
01.05.2020,Turag,1
01.05.2020,Tezturi Bazar,4
01.05.2020,Tongi,10
01.05.2020,Tolarbag,19
01.05.2020,Urdu Road,1
01.05.2020,Uttara,63
01.05.2020,Vatara,5
01.05.2020,Wari,41
02.05.2020,Abdullahpur,2
02.05.2020,Adabor,12
02.05.2020,Agargaon,20
02.05.2020,Aminbazar,2
02.05.2020,Amlapara,2
02.05.2020,Arambagh,2
02.05.2020,Armanitola,3
02.05.2020,Ashkona,1
02.05.2020,Azimpur,21
02.05.2020,Babu Bazar,35
02.05.2020,Badda,41
02.05.2020,Baily Road,4
02.05.2020,Bakshibazar,2
02.05.2020,Baridhara,7
02.05.2020,Banasree,2
02.05.2020,Banani,13
02.05.2020,Banglamotor,3
02.05.2020,Bangshal,58
02.05.2020,Banianagar,1
02.05.2020,Basabo,34
02.05.2020,Bijoynagar,1
02.05.2020,Bashundhora,13
02.05.2020,Begunbari,2
02.05.2020,Begum Bazar,1
02.05.2020,Beribadh,1
02.05.2020,Bokshi Bazar,5
02.05.2020,Bosila,1
02.05.2020,Buet Area,1
02.05.2020,Cantonment,8
02.05.2020,Central Road,2
02.05.2020,Chankharpool,31
02.05.2020,Chawk Bazar,32
02.05.2020,Dania,5
02.05.2020,Dakshinkhan,1
02.05.2020,Dhakkeshori,1
02.05.2020,Demra,10
02.05.2020,Dhanmondi,38
02.05.2020,Dhalpur,4
02.05.2020,Dholaipar,2
02.05.2020,Dholaikhal,2
02.05.2020,Doyaganj,3
02.05.2020,Elephant Road,11
02.05.2020,Eskaton,13
02.05.2020,Faridabagh,1
02.05.2020,Fakirapool,2
02.05.2020,Forashganj,2
02.05.2020,Farmgate,18
02.05.2020,Gendaria,48
02.05.2020,Golartek,1
02.05.2020,Goran,4
02.05.2020,Golapbagh,5
02.05.2020,Gonoktuli,3
02.05.2020,Gopibag,19
02.05.2020,Green Road,12
02.05.2020,Gulistan,7
02.05.2020,Gulshan,32
02.05.2020,Hatir jhil,6
02.05.2020,Hatirpool,4
02.05.2020,Hazaribagh,38
02.05.2020,Ibrahimpur,2
02.05.2020,Islambagh,2
02.05.2020,Islampur,2
02.05.2020,Jailgate,2
02.05.2020,Jatrabari,101
02.05.2020,Jigatala,7
02.05.2020,Jurain,32
02.05.2020,Kallyanpur,6
02.05.2020,Kalabagan,7
02.05.2020,Kakrail,150
02.05.2020,Kathalbagan,1
02.05.2020,Kamalapur,4
02.05.2020,kajla,3
02.05.2020,Kamrangir Char,24
02.05.2020,Kazi para,10
02.05.2020,Kawran Bazar,10
02.05.2020,Koratitola,1
02.05.2020,Kosaituli,1
02.05.2020,Kochukhet,1
02.05.2020,Khilgaon,39
02.05.2020,Khilkhet,4
02.05.2020,Koltabazar,1
02.05.2020,Kodomtoli,6
02.05.2020,Kotowali,11
02.05.2020,Kutubkhali,6
02.05.2020,Kuril,2
02.05.2020,Lalbagh,78
02.05.2020,Laxmibazar,12
02.05.2020,Madartek,3
02.05.2020,Malitola,4
02.05.2020,Malibagh,62
02.05.2020,Matikata,4
02.05.2020,Manda,15
02.05.2020,Maniknagar,5
02.05.2020,Manikdi,1
02.05.2020,Matuail,5
02.05.2020,Meradia,5
02.05.2020,Mirhajaribagh,5
02.05.2020,Mirpur-1,32
02.05.2020,Mirpur-2,2
02.05.2020,Mirpur-6,9
02.05.2020,Mirpur-10,18
02.05.2020,Mirpur-11,32
02.05.2020,Mirpur-12,18
02.05.2020,Mirpur-13,3
02.05.2020,Mirpur-14,37
02.05.2020,Mitford,38
02.05.2020,Mogbazar,43
02.05.2020,Monipur,1
02.05.2020,Mohakhali,71
02.05.2020,Mohonpur,1
02.05.2020,Mohammadpur,81
02.05.2020,Motijeel,4
02.05.2020,Mugda,80
02.05.2020,Nawabpur,2
02.05.2020,Nazirabazar,9
02.05.2020,Nawabganj,4
02.05.2020,Narinda,18
02.05.2020,New market,10
02.05.2020,Nilkhet,4
02.05.2020,Nakhalpara,15
02.05.2020,Nayabazar,8
02.05.2020,Neemtoli,5
02.05.2020,Nikunja,1
02.05.2020,Pallabi,8
02.05.2020,Paltan,29
02.05.2020,Pirerbagh,3
02.05.2020,Postogola,6
02.05.2020,Purana Paltan,27
02.05.2020,Rajarbagh,165
02.05.2020,Rampura,26
02.05.2020,Ramna,12
02.05.2020,Rayerbagh,5
02.05.2020,Raja Bazar,2
02.05.2020,Rosulpur,1
02.05.2020,Rupganj,1
02.05.2020,Rayerbazar,5
02.05.2020,Sabujbagh,7
02.05.2020,Sadarghat,3
02.05.2020,Sahjanpur,15
02.05.2020,Sayedabad,8
02.05.2020,Segunbagicha,4
02.05.2020,Science Lab,1
02.05.2020,Shah Ali Bagh,2
02.05.2020,Shahbag,51
02.05.2020,Shakharibazar,28
02.05.2020,Shantibagh,10
02.05.2020,Shampur,1
02.05.2020,Shantinagar,15
02.05.2020,Shaymoli,29
02.05.2020,Shewrapara,8
02.05.2020,Shekher Tek,1
02.05.2020,Showari Ghat,3
02.05.2020,Sipahibag,1
02.05.2020,Siddheshwari,4
02.05.2020,Sonir akhra,16
02.05.2020,Swamibagh,36
02.05.2020,Sher-E-Bangla Nagar,6
02.05.2020,Sutrapur,19
02.05.2020,TatiBazar,7
02.05.2020,Tikatoli,17
02.05.2020,Tejkunipara,3
02.05.2020,Tejgaon,55
02.05.2020,Turag,1
02.05.2020,Tezturi Bazar,4
02.05.2020,Tongi,11
02.05.2020,Tolarbag,19
02.05.2020,Urdu Road,1
02.05.2020,Uttara,63
02.05.2020,Vatara,5
02.05.2020,Wari,42

