Date,Division,District/City,No. of confirmed cases,Total Death,Total Recover
12.04.2020,Dhaka,Dhaka City,313,,
12.04.2020,Dhaka,Dhaka (District),22,,
12.04.2020,Dhaka,Gazipur,23,,
12.04.2020,Dhaka,Kishoreganj,10,,
12.04.2020,Dhaka,Madaripur,19,,
12.04.2020,Dhaka,Manikganj,5,,
12.04.2020,Dhaka,Narayanganj,107,,
12.04.2020,Dhaka,Munshigonj,14,,
12.04.2020,Dhaka,Narshingdi,4,,
12.04.2020,Dhaka,Rajbari,6,,
12.04.2020,Dhaka,Tangail,2,,
12.04.2020,Dhaka,Shariatpur,1,,
12.04.2020,Dhaka,Gopalganj,3,,
12.04.2020,Chattogram,Chattogram,12,,
12.04.2020,Chattogram,Cox’s bazar,1,,
12.04.2020,Chattogram,Cumilla,9,,
12.04.2020,Chattogram,B. Baria,6,,
12.04.2020,Chattogram,Laksmipur,1,,
12.04.2020,Chattogram,Chandpur,6,,
12.04.2020,Sylhet,Moulovi Bazar,1,,
12.04.2020,Sylhet,Hobiganj,1,,
12.04.2020,Sylhet,Sylhet,1,,
12.04.2020,Rangpur,Rangpur,2,,
12.04.2020,Rangpur,Gaibandha,6,,
12.04.2020,Rangpur,Nilphamari,3,,
12.04.2020,Rangpur,Lalmonirhat,1,,
12.04.2020,Rangpur,Thakurgaon,3,,
12.04.2020,Khulna,Chuadanga,1,,
12.04.2020,Mymensingh,Mymensingh,5,,
12.04.2020,Mymensingh,Jamalpur,6,,
12.04.2020,Mymensingh,Netrokona,1,,
12.04.2020,Mymensingh,Sherpur,2,,
12.04.2020,Barishal,Barguna,3,,
12.04.2020,Barishal,Potuakhali,1,,
12.04.2020,Barishal,Jhalokathi,3,,
10.04.2020,Dhaka,Dhaka City,237,,
10.04.2020,Dhaka,Dhaka (District),16,,
10.04.2020,Dhaka,Gazipur,6,,
10.04.2020,Dhaka,Kishoreganj,7,,
10.04.2020,Dhaka,Madaripur,13,,
10.04.2020,Dhaka,Manikganj,3,,
10.04.2020,Dhaka,Dhaka (District),1,,
10.04.2020,Dhaka,Narayanganj,75,,
10.04.2020,Dhaka,Munshigonj,8,,
10.04.2020,Dhaka,Narshingdi,4,,
10.04.2020,Dhaka,Rajbari,1,,
10.04.2020,Dhaka,Tangail,2,,
10.04.2020,Dhaka,Shariatpur,1,,
10.04.2020,Dhaka,Gopalganj,2,,
10.04.2020,Chattogram,Chattogram,6,,
10.04.2020,Chattogram,Cox’s bazar,1,,
10.04.2020,Chattogram,Cumilla,5,,
10.04.2020,Chattogram,Chandpur,2,,
10.04.2020,Sylhet,Moulovi Bazar,1,,
10.04.2020,Sylhet,Sylhet,1,,
10.04.2020,Sylhet,Rangpur,2,,
10.04.2020,Rangpur,Gaibandha,5,,
10.04.2020,Rangpur,Nilphamari,2,,
10.04.2020,Khulna,Chuadanga,1,,
10.04.2020,Mymensingh,Mymensingh,5,,
10.04.2020,Mymensingh,Jamalpur,3,,
10.04.2020,Mymensingh,Sherpur,2,,
10.04.2020,Barishal,Potuakhali,1,,
13.04.2020,Dhaka,Dhaka (District),24,,
13.04.2020,Dhaka,Gazipur,35,,
13.04.2020,Dhaka,Kishoreganj,10,,
13.04.2020,Dhaka,Madaripur,19,,
13.04.2020,Dhaka,Manikganj,5,,
13.04.2020,Dhaka,Narayanganj,144,,
13.04.2020,Dhaka,Munshigonj,17,,
13.04.2020,Dhaka,Narshingdi,20,,
13.04.2020,Dhaka,Rajbari,6,,
13.04.2020,Dhaka,Tangail,7,,
13.04.2020,Dhaka,Shariatpur,1,,
13.04.2020,Dhaka,Gopalganj,3,,
13.04.2020,Chattogram,Chattogram,18,,
13.04.2020,Chattogram,Cox’s bazar,1,,
13.04.2020,Chattogram,Cumilla,9,,
13.04.2020,Chattogram,B. Baria,6,,
13.04.2020,Chattogram,Laksmipur,1,,
13.04.2020,Chattogram,Chandpur,6,,
13.04.2020,Sylhet,Moulovi Bazar,1,,
13.04.2020,Sylhet,Sunamganj,1,,
13.04.2020,Sylhet,Hobiganj,1,,
13.04.2020,Sylhet,Sylhet,1,,
13.04.2020,Rangpur,Rangpur,2,,
13.04.2020,Rangpur,Gaibandha,6,,
13.04.2020,Rangpur,Nilphamari,3,,
13.04.2020,Rangpur,Lalmonirhat,1,,
13.04.2020,Rangpur,Thakurgaon,3,,
13.04.2020,Khulna,Chuadanga,1,,
13.04.2020,Mymensingh,Mymensingh,5,,
13.04.2020,Mymensingh,Jamalpur,6,,
13.04.2020,Mymensingh,Netrokona,1,,
13.04.2020,Mymensingh,Sherpur,2,,
13.04.2020,Barishal,Barguna,3,,
13.04.2020,Barishal,Barishal,2,,
13.04.2020,Barishal,Potuakhali,2,,
13.04.2020,Barishal,Jhalokathi,3,,
13.04.2020,Rajshahi,Rajshahi,2,,
13.04.2020,Dhaka,Dhaka City,383,,
14.04.2020,Dhaka,Dhaka City,456,,
14.04.2020,Dhaka,Dhaka (District),28,,
14.04.2020,Dhaka,Gazipur,53,,
14.04.2020,Dhaka,Kishoreganj,17,,
14.04.2020,Dhaka,Madaripur,19,,
14.04.2020,Dhaka,Manikganj,5,,
14.04.2020,Dhaka,Narayanganj,164,,
14.04.2020,Dhaka,Munshigonj,21,,
14.04.2020,Dhaka,Narshingdi,28,,
14.04.2020,Dhaka,Rajbari,6,,
14.04.2020,Dhaka,Faridpur,2,,
14.04.2020,Dhaka,Tangail,7,,
14.04.2020,Dhaka,Shariatpur,5,,
14.04.2020,Dhaka,Gopalganj,9,,
14.04.2020,Chattogram,Chattogram,20,,
14.04.2020,Chattogram,Cox’s bazar,1,,
14.04.2020,Chattogram,Cumilla,14,,
14.04.2020,Chattogram,B. Baria,8,,
14.04.2020,Chattogram,Laksmipur,1,,
14.04.2020,Chattogram,Chandpur,6,,
14.04.2020,Sylhet,Moulovi Bazar,2,,
14.04.2020,Sylhet,Sunamganj,1,,
14.04.2020,Sylhet,Hobiganj,2,,
14.04.2020,Sylhet,Sylhet,1,,
14.04.2020,Rangpur,Rangpur,2,,
14.04.2020,Rangpur,Gaibandha,8,,
14.04.2020,Rangpur,Nilphamari,4,,
14.04.2020,Rangpur,Lalmonirhat,1,,
14.04.2020,Rangpur,Kurigram,1,,
14.04.2020,Rangpur,Thakurgaon,3,,
14.04.2020,Khulna,Khulna,1,,
14.04.2020,Khulna,Narail,1,,
14.04.2020,Khulna,Chuadanga,1,,
14.04.2020,Mymensingh,Mymensingh,7,,
14.04.2020,Mymensingh,Jamalpur,9,,
14.04.2020,Mymensingh,Netrokona,2,,
14.04.2020,Mymensingh,Sherpur,3,,
14.04.2020,Barishal,Barguna,3,,
14.04.2020,Barishal,Barishal,7,,
14.04.2020,Barishal,Potuakhali,2,,
14.04.2020,Barishal,Pirojpur,1,,
14.04.2020,Barishal,Jhalokathi,3,,
14.04.2020,Rajshahi,Rajshahi,3,,
15.04.2020,Dhaka,Dhaka City,518,,
15.04.2020,Dhaka,Dhaka (District),28,,
15.04.2020,Dhaka,Gazipur,53,,
15.04.2020,Dhaka,Kishoreganj,17,,
15.04.2020,Dhaka,Madaripur,19,,
15.04.2020,Dhaka,Manikganj,5,,
15.04.2020,Dhaka,Narayanganj,214,,
15.04.2020,Dhaka,Munshigonj,21,,
15.04.2020,Dhaka,Narshingdi,28,,
15.04.2020,Dhaka,Rajbari,6,,
15.04.2020,Dhaka,Faridpur,2,,
15.04.2020,Dhaka,Tangail,9,,
15.04.2020,Dhaka,Shariatpur,5,,
15.04.2020,Dhaka,Gopalganj,9,,
15.04.2020,Chattogram,Chattogram,31,,
15.04.2020,Chattogram,Cox’s bazar,1,,
15.04.2020,Chattogram,Cumilla,14,,
15.04.2020,Chattogram,B. Baria,8,,
15.04.2020,Chattogram,Laksmipur,1,,
15.04.2020,Chattogram,Noakhali,1,,
15.04.2020,Chattogram,Chandpur,6,,
15.04.2020,Sylhet,Moulovi Bazar,2,,
15.04.2020,Sylhet,Sunamganj,1,,
15.04.2020,Sylhet,Hobiganj,1,,
15.04.2020,Sylhet,Sylhet,1,,
15.04.2020,Sylhet,Rangpur,2,,
15.04.2020,Rangpur,Gaibandha,12,,
15.04.2020,Rangpur,Nilphamari,6,,
15.04.2020,Rangpur,Lalmonirhat,2,,
15.04.2020,Rangpur,Kurigram,2,,
15.04.2020,Rangpur,Dinajpur,7,,
15.04.2020,Rangpur,Thakurgaon,3,,
15.04.2020,Khulna,Khulna,1,,
15.04.2020,Khulna,Narail,1,,
15.04.2020,Khulna,Chuadanga,1,,
15.04.2020,Mymensingh,Mymensingh,7,,
15.04.2020,Mymensingh,Jamalpur,12,,
15.04.2020,Mymensingh,Netrokona,4,,
15.04.2020,Mymensingh,Sherpur,3,,
15.04.2020,Barishal,Barguna,4,,
15.04.2020,Barishal,Barishal,10,,
15.04.2020,Barishal,Potuakhali,2,,
15.04.2020,Barishal,Pirojpur,4,,
15.04.2020,Barishal,Jhalokathi,3,,
15.04.2020,Rajshahi,Rajshahi,4,,
16.04.2020,Dhaka,Dhaka City,608,,
16.04.2020,Dhaka,Dhaka (District),28,,
16.04.2020,Dhaka,Gazipur,98,,
16.04.2020,Dhaka,Kishoreganj,33,,
16.04.2020,Dhaka,Madaripur,23,,
16.04.2020,Dhaka,Manikganj,5,,
16.04.2020,Dhaka,Narayanganj,255,,
16.04.2020,Dhaka,Munshigonj,26,,
16.04.2020,Dhaka,Narshingdi,64,,
16.04.2020,Dhaka,Rajbari,7,,
16.04.2020,Dhaka,Faridpur,2,,
16.04.2020,Dhaka,Tangail,9,,
16.04.2020,Dhaka,Shariatpur,6,,
16.04.2020,Dhaka,Gopalganj,17,,
16.04.2020,Chattogram,Chattogram,36,,
16.04.2020,Chattogram,Cox’s bazar,1,,
16.04.2020,Chattogram,Cumilla,14,,
16.04.2020,Chattogram,B. Baria,8,,
16.04.2020,Chattogram,Laksmipur,1,,
16.04.2020,Chattogram,Noakhali,2,,
16.04.2020,Chattogram,Chandpur,7,,
16.04.2020,Sylhet,Moulovi Bazar,2,,
16.04.2020,Sylhet,Sunamganj,1,,
16.04.2020,Sylhet,Hobiganj,1,,
16.04.2020,Sylhet,Sylhet,3,,
16.04.2020,Rangpur,Rangpur,3,,
16.04.2020,Rangpur,Gaibandha,12,,
16.04.2020,Rangpur,Nilphamari,6,,
16.04.2020,Rangpur,Lalmonirhat,2,,
16.04.2020,Rangpur,Kurigram,2,,
16.04.2020,Rangpur,Dinajpur,8,,
16.04.2020,Rangpur,Thakurgaon,3,,
16.04.2020,Khulna,Khulna,1,,
16.04.2020,Khulna,Narail,1,,
16.04.2020,Khulna,Chuadanga,1,,
16.04.2020,Mymensingh,Mymensingh,9,,
16.04.2020,Mymensingh,Jamalpur,12,,
16.04.2020,Mymensingh,Netrokona,6,,
16.04.2020,Mymensingh,Sherpur,5,,
16.04.2020,Barishal,Barguna,4,,
16.04.2020,Barishal,Barishal,12,,
16.04.2020,Barishal,Potuakhali,2,,
16.04.2020,Barishal,Pirojpur,4,,
16.04.2020,Barishal,Jhalokathi,3,,
16.04.2020,Rajshahi,Rajshahi,3,,
17.04.2020,Dhaka,Dhaka City,740,,
17.04.2020,Dhaka,Dhaka (District),28,,
17.04.2020,Dhaka,Gazipur,117,,
17.04.2020,Dhaka,Kishoreganj,33,,
17.04.2020,Dhaka,Madaripur,23,,
17.04.2020,Dhaka,Manikganj,5,,
17.04.2020,Dhaka,Narayanganj,289,,
17.04.2020,Dhaka,Munshigonj,27,,
17.04.2020,Dhaka,Narshingdi,65,,
17.04.2020,Dhaka,Rajbari,7,,
17.04.2020,Dhaka,Faridpur,2,,
17.04.2020,Dhaka,Tangail,9,,
17.04.2020,Dhaka,Shariatpur,6,,
17.04.2020,Dhaka,Gopalganj,17,,
17.04.2020,Chattogram,Chattogram,37,,
17.04.2020,Chattogram,Cox’s bazar,1,,
17.04.2020,Chattogram,Cumilla,15,,
17.04.2020,Chattogram,B. Baria,9,,
17.04.2020,Chattogram,Laksmipur,18,,
17.04.2020,Chattogram,Bandarban,1,,
17.04.2020,Chattogram,Noakhali,2,,
17.04.2020,Chattogram,Feni,1,,
17.04.2020,Chattogram,Chandpur,8,,
17.04.2020,Sylhet,Moulovi Bazar,2,,
17.04.2020,Sylhet,Sunamganj,1,,
17.04.2020,Sylhet,Hobiganj,1,,
17.04.2020,Sylhet,Sylhet,3,,
17.04.2020,Rangpur,Rangpur,3,,
17.04.2020,Rangpur,Gaibandha,12,,
17.04.2020,Rangpur,Nilphamari,6,,
17.04.2020,Rangpur,Lalmonirhat,2,,
17.04.2020,Rangpur,Kurigram,2,,
17.04.2020,Rangpur,Dinajpur,8,,
17.04.2020,Rangpur,Rangpur,1,,
17.04.2020,Rangpur,Thakurgaon,3,,
17.04.2020,Khulna,Khulna,1,,
17.04.2020,Khulna,Narail,2,,
17.04.2020,Khulna,Chuadanga,1,,
17.04.2020,Mymensingh,Mymensingh,18,,
17.04.2020,Mymensingh,Jamalpur,12,,
17.04.2020,Mymensingh,Netrokona,7,,
17.04.2020,Mymensingh,Sherpur,5,,
17.04.2020,Barishal,Barguna,5,,
17.04.2020,Barishal,Barishal,17,,
17.04.2020,Barishal,Potuakhali,2,,
17.04.2020,Barishal,Pirojpur,4,,
17.04.2020,Barishal,Jhalokathi,3,,
17.04.2020,Rajshahi,Joypurhat,2,,
17.04.2020,Rajshahi,Pabna,1,,
17.04.2020,Rajshahi,Bogra,1,,
17.04.2020,Rajshahi,Rajshahi,4,,
18.04.2020,Dhaka,Dhaka City,843,,
18.04.2020,Dhaka,Dhaka (District),34,,
18.04.2020,Dhaka,Gazipur,161,,
18.04.2020,Dhaka,Kishoreganj,54,,
18.04.2020,Dhaka,Madaripur,25,,
18.04.2020,Dhaka,Manikganj,6,,
18.04.2020,Dhaka,Narayanganj,309,,
18.04.2020,Dhaka,Munshigonj,33,,
18.04.2020,Dhaka,Narshingdi,93,,
18.04.2020,Dhaka,Rajbari,7,,
18.04.2020,Dhaka,Faridpur,4,,
18.04.2020,Dhaka,Tangail,9,,
18.04.2020,Dhaka,Shariatpur,7,,
18.04.2020,Dhaka,Gopalganj,21,,
18.04.2020,Chattogram,Chattogram,38,,
18.04.2020,Chattogram,Cox’s bazar,1,,
18.04.2020,Chattogram,Cumilla,17,,
18.04.2020,Chattogram,B. Baria,10,,
18.04.2020,Chattogram,Laksmipur,18,,
18.04.2020,Chattogram,Bandarban,1,,
18.04.2020,Chattogram,Noakhali,3,,
18.04.2020,Chattogram,Feni,1,,
18.04.2020,Chattogram,Chandpur,8,,
18.04.2020,Sylhet,Moulovi Bazar,2,,
18.04.2020,Sylhet,Sunamganj,1,,
18.04.2020,Sylhet,Hobiganj,1,,
18.04.2020,Sylhet,Sylhet,3,,
18.04.2020,Rangpur,Rangpur,3,,
18.04.2020,Rangpur,Gaibandha,12,,
18.04.2020,Rangpur,Nilphamari,9,,
18.04.2020,Rangpur,Lalmonirhat,2,,
18.04.2020,Rangpur,Kurigram,2,,
18.04.2020,Rangpur,Dinajpur,9,,
18.04.2020,Rangpur,Panchagar,1,,
18.04.2020,Rangpur,Rangpur,1,,
18.04.2020,Rangpur,Thakurgaon,5,,
18.04.2020,Khulna,Khulna,1,,
18.04.2020,Khulna,Jessore,1,,
18.04.2020,Khulna,Bagerhat,1,,
18.04.2020,Khulna,Narail,2,,
18.04.2020,Khulna,Chuadanga,1,,
18.04.2020,Mymensingh,Mymensingh,19,,
18.04.2020,Mymensingh,Jamalpur,17,,
18.04.2020,Mymensingh,Netrokona,12,,
18.04.2020,Mymensingh,Sherpur,11,,
18.04.2020,Barishal,Barguna,9,,
18.04.2020,Barishal,Barishal,18,,
18.04.2020,Barishal,Potuakhali,2,,
18.04.2020,Barishal,Pirojpur,4,,
18.04.2020,Barishal,Jhalokathi,3,,
18.04.2020,Rajshahi,Joypurhat,2,,
18.04.2020,Rajshahi,Pabna,1,,
18.04.2020,Rajshahi,Bogra,1,,
18.04.2020,Rajshahi,Rajshahi,4,,
19.04.2020,Dhaka,Dhaka City,974,,
19.04.2020,Dhaka,Dhaka (District),40,,
19.04.2020,Dhaka,Gazipur,173,,
19.04.2020,Dhaka,Kishoreganj,77,,
19.04.2020,Dhaka,Madaripur,26,,
19.04.2020,Dhaka,Manikganj,6,,
19.04.2020,Dhaka,Narayanganj,386,,
19.04.2020,Dhaka,Munshigonj,33,,
19.04.2020,Dhaka,Narshingdi,105,,
19.04.2020,Dhaka,Rajbari,7,,
19.04.2020,Dhaka,Faridpur,4,,
19.04.2020,Dhaka,Tangail,10,,
19.04.2020,Dhaka,Shariatpur,7,,
19.04.2020,Dhaka,Gopalganj,21,,
19.04.2020,Chattogram,Chattogram,39,,
19.04.2020,Chattogram,Cox’s bazar,1,,
19.04.2020,Chattogram,Cumilla,19,,
19.04.2020,Chattogram,B. Baria,11,,
19.04.2020,Chattogram,Laksmipur,21,,
19.04.2020,Chattogram,Bandarban,1,,
19.04.2020,Chattogram,Noakhali,3,,
19.04.2020,Chattogram,Feni,2,,
19.04.2020,Chattogram,Chandpur,8,,
19.04.2020,Sylhet,Moulovi Bazar,2,,
19.04.2020,Sylhet,Sunamganj,1,,
19.04.2020,Sylhet,Hobiganj,1,,
19.04.2020,Sylhet,Sylhet,3,,
19.04.2020,Rangpur,Rangpur,3,,
19.04.2020,Rangpur,Gaibandha,12,,
19.04.2020,Rangpur,Nilphamari,9,,
19.04.2020,Rangpur,Lalmonirhat,2,,
19.04.2020,Rangpur,Kurigram,2,,
19.04.2020,Rangpur,Dinajpur,10,,
19.04.2020,Rangpur,Panchagar,1,,
19.04.2020,Rangpur,Rangpur,2,,
19.04.2020,Rangpur,Thakurgaon,6,,
19.04.2020,Khulna,Khulna,1,,
19.04.2020,Khulna,Jessore,1,,
19.04.2020,Khulna,Bagerhat,1,,
19.04.2020,Khulna,Narail,2,,
19.04.2020,Khulna,Chuadanga,1,,
19.04.2020,Mymensingh,Mymensingh,21,,
19.04.2020,Mymensingh,Jamalpur,20,,
19.04.2020,Mymensingh,Netrokona,14,,
19.04.2020,Mymensingh,Sherpur,11,,
19.04.2020,Barishal,Barguna,10,,
19.04.2020,Barishal,Barishal,21,,
19.04.2020,Barishal,Potuakhali,2,,
19.04.2020,Barishal,Pirojpur,4,,
19.04.2020,Barishal,Jhalokathi,4,,
19.04.2020,Rajshahi,Joypurhat,2,,
19.04.2020,Rajshahi,Pabna,2,,
19.04.2020,Rajshahi,Bogra,1,,
19.04.2020,Rajshahi,Rajshahi,4,,
20.04.2020,Dhaka,Dhaka City,1174,,
20.04.2020,Dhaka,Dhaka (District),42,,
20.04.2020,Dhaka,Gazipur,269,,
20.04.2020,Dhaka,Kishoreganj,146,,
20.04.2020,Dhaka,Madaripur,25,,
20.04.2020,Dhaka,Manikganj,7,,
20.04.2020,Dhaka,Narayanganj,387,,
20.04.2020,Dhaka,Munshigonj,33,,
20.04.2020,Dhaka,Narshingdi,135,,
20.04.2020,Dhaka,Rajbari,8,,
20.04.2020,Dhaka,Faridpur,6,,
20.04.2020,Dhaka,Tangail,10,,
20.04.2020,Dhaka,Shariatpur,8,,
20.04.2020,Dhaka,Gopalganj,30,,
20.04.2020,Chattogram,Chattogram,43,,
20.04.2020,Chattogram,Cox’s bazar,1,,
20.04.2020,Chattogram,Cumilla,21,,
20.04.2020,Chattogram,B. Baria,11,,
20.04.2020,Chattogram,Laksmipur,25,,
20.04.2020,Chattogram,Bandarban,1,,
20.04.2020,Chattogram,Noakhali,4,,
20.04.2020,Chattogram,Feni,2,,
20.04.2020,Chattogram,Chandpur,10,,
20.04.2020,Sylhet,Moulovi Bazar,2,,
20.04.2020,Sylhet,Sunamganj,1,,
20.04.2020,Sylhet,Hobiganj,1,,
20.04.2020,Sylhet,Sylhet,4,,
20.04.2020,Rangpur,Rangpur,6,,
20.04.2020,Rangpur,Gaibandha,13,,
20.04.2020,Rangpur,Nilphamari,9,,
20.04.2020,Rangpur,Lalmonirhat,2,,
20.04.2020,Rangpur,Kurigram,2,,
20.04.2020,Rangpur,Dinajpur,11,,
20.04.2020,Rangpur,Panchagar,1,,
20.04.2020,Rangpur,Thakurgaon,6,,
20.04.2020,Khulna,Khulna,3,,
20.04.2020,Khulna,Jessore,1,,
20.04.2020,Khulna,Bagerhat,2,,
20.04.2020,Khulna,Narail,2,,
20.04.2020,Khulna,Chuadanga,1,,
20.04.2020,Mymensingh,Mymensingh,33,,
20.04.2020,Mymensingh,Jamalpur,21,,
20.04.2020,Mymensingh,Netrokona,14,,
20.04.2020,Mymensingh,Sherpur,13,,
20.04.2020,Barishal,Barguna,12,,
20.04.2020,Barishal,Barishal,24,,
20.04.2020,Barishal,Potuakhali,2,,
20.04.2020,Barishal,Pirojpur,5,,
20.04.2020,Barishal,Jhalokathi,4,,
20.04.2020,Rajshahi,Joypurhat,2,,
20.04.2020,Rajshahi,Pabna,2,,
20.04.2020,Rajshahi,Bogra,1,,
20.04.2020,Rajshahi,Naogaon,1,,
20.04.2020,Rajshahi,Sirajganj,1,,
20.04.2020,Rajshahi,Rajshahi,5,,
21.04.2020,Dhaka,Dhaka City,1229,,
21.04.2020,Dhaka,Dhaka (District),48,,
21.04.2020,Dhaka,Gazipur,269,,
21.04.2020,Dhaka,Kishoreganj,146,,
21.04.2020,Dhaka,Madaripur,26,,
21.04.2020,Dhaka,Manikganj,9,,
21.04.2020,Dhaka,Narayanganj,469,,
21.04.2020,Dhaka,Munshigonj,54,,
21.04.2020,Dhaka,Narshingdi,136,,
21.04.2020,Dhaka,Rajbari,10,,
21.04.2020,Dhaka,Faridpur,5,,
21.04.2020,Dhaka,Tangail,13,,
21.04.2020,Dhaka,Shariatpur,8,,
21.04.2020,Dhaka,Gopalganj,30,,
21.04.2020,Chattogram,Chattogram,41,,
21.04.2020,Chattogram,Cox’s bazar,5,,
21.04.2020,Chattogram,Cumilla,25,,
21.04.2020,Chattogram,B. Baria,11,,
21.04.2020,Chattogram,Laksmipur,25,,
21.04.2020,Chattogram,Bandarban,1,,
21.04.2020,Chattogram,Noakhali,4,,
21.04.2020,Chattogram,Feni,3,,
21.04.2020,Chattogram,Chandpur,10,,
21.04.2020,Sylhet,Moulovi Bazar,2,,
21.04.2020,Sylhet,Sunamganj,1,,
21.04.2020,Sylhet,Hobiganj,11,,
21.04.2020,Sylhet,Sylhet,4,,
21.04.2020,Rangpur,Rangpur,7,,
21.04.2020,Rangpur,Gaibandha,13,,
21.04.2020,Rangpur,Nilphamari,9,,
21.04.2020,Rangpur,Lalmonirhat,2,,
21.04.2020,Rangpur,Kurigram,3,,
21.04.2020,Rangpur,Dinajpur,11,,
21.04.2020,Rangpur,Panchagar,1,,
21.04.2020,Rangpur,Thakurgaon,6,,
21.04.2020,Khulna,Khulna,3,,
21.04.2020,Khulna,Jessore,1,,
21.04.2020,Khulna,Bagerhat,1,,
21.04.2020,Khulna,Narail,2,,
21.04.2020,Khulna,Chuadanga,2,,
21.04.2020,Mymensingh,Mymensingh,40,,
21.04.2020,Mymensingh,Jamalpur,22,,
21.04.2020,Mymensingh,Netrokona,18,,
21.04.2020,Mymensingh,Sherpur,19,,
21.04.2020,Barishal,Barguna,17,,
21.04.2020,Barishal,Barishal,32,,
21.04.2020,Barishal,Potuakhali,7,,
21.04.2020,Barishal,Pirojpur,5,,
21.04.2020,Barishal,Jhalokathi,4,,
21.04.2020,Rajshahi,Joypurhat,3,,
21.04.2020,Rajshahi,Pabna,3,,
21.04.2020,Rajshahi,Chapainawabganj,1,,
21.04.2020,Rajshahi,Bogra,2,,
21.04.2020,Rajshahi,Naogaon,1,,
21.04.2020,Rajshahi,Sirajganj,2,,
21.04.2020,Rajshahi,Rajshahi,9,,
23.04.2020,Dhaka,Dhaka City,1683,,
23.04.2020,Dhaka,Dhaka (District),53,,
23.04.2020,Dhaka,Gazipur,292,,
23.04.2020,Dhaka,Kishoreganj,179,,
23.04.2020,Dhaka,Madaripur,28,,
23.04.2020,Dhaka,Manikganj,9,,
23.04.2020,Dhaka,Narayanganj,532,,
23.04.2020,Dhaka,Munshigonj,63,,
23.04.2020,Dhaka,Narshingdi,141,,
23.04.2020,Dhaka,Rajbari,11,,
23.04.2020,Dhaka,Faridpur,7,,
23.04.2020,Dhaka,Tangail,16,,
23.04.2020,Dhaka,Shariatpur,11,,
23.04.2020,Dhaka,Gopalganj,40,,
23.04.2020,Chattogram,Chattogram,45,,
23.04.2020,Chattogram,Cox’s bazar,5,,
23.04.2020,Chattogram,Cumilla,27,,
23.04.2020,Chattogram,B. Baria,25,,
23.04.2020,Chattogram,Laksmipur,26,,
23.04.2020,Chattogram,Bandarban,4,,
23.04.2020,Chattogram,Noakhali,4,,
23.04.2020,Chattogram,Feni,3,,
23.04.2020,Chattogram,Chandpur,10,,
23.04.2020,Sylhet,Moulovi Bazar,4,,
23.04.2020,Sylhet,Sunamganj,5,,
23.04.2020,Sylhet,Hobiganj,18,,
23.04.2020,Sylhet,Sylhet,6,,
23.04.2020,Rangpur,Rangpur,10,,
23.04.2020,Rangpur,Gaibandha,14,,
23.04.2020,Rangpur,Nilphamari,10,,
23.04.2020,Rangpur,Lalmonirhat,2,,
23.04.2020,Rangpur,Kurigram,4,,
23.04.2020,Rangpur,Dinajpur,13,,
23.04.2020,Rangpur,Panchagar,2,,
23.04.2020,Rangpur,Thakurgaon,8,,
23.04.2020,Khulna,Khulna,6,,
23.04.2020,Khulna,Jessore,7,,
23.04.2020,Khulna,Bagerhat,1,,
23.04.2020,Khulna,Narail,7,,
23.04.2020,Khulna,Magura,2,,
23.04.2020,Khulna,Meherpur,2,,
23.04.2020,Khulna,Kushtia,4,,
23.04.2020,Khulna,Chuadanga,8,,
23.04.2020,Mymensingh,Mymensingh,68,,
23.04.2020,Mymensingh,Jamalpur,30,,
23.04.2020,Mymensingh,Netrokona,22,,
23.04.2020,Mymensingh,Sherpur,19,,
23.04.2020,Barishal,Barguna,20,,
23.04.2020,Barishal,Barishal,34,,
23.04.2020,Barishal,Potuakhali,10,,
23.04.2020,Barishal,Pirojpur,5,,
23.04.2020,Barishal,Jhalokathi,5,,
23.04.2020,Rajshahi,Joypurhat,4,,
23.04.2020,Rajshahi,Pabna,3,,
23.04.2020,Rajshahi,Chapainawabganj,1,,
23.04.2020,Rajshahi,Bogra,10,,
23.04.2020,Rajshahi,Naogaon,1,,
23.04.2020,Rajshahi,Natore,1,,
23.04.2020,Rajshahi,Sirajganj,2,,
23.04.2020,Rajshahi,Rajshahi,9,,
22.04.2020,Dhaka,Dhaka City,1470,,
22.04.2020,Dhaka,Dhaka (District),52,,
22.04.2020,Dhaka,Gazipur,269,,
22.04.2020,Dhaka,Kishoreganj,146,,
22.04.2020,Dhaka,Madaripur,27,,
22.04.2020,Dhaka,Manikganj,9,,
22.04.2020,Dhaka,Narayanganj,508,,
22.04.2020,Dhaka,Munshigonj,61,,
22.04.2020,Dhaka,Narshingdi,136,,
22.04.2020,Dhaka,Rajbari,9,,
22.04.2020,Dhaka,Faridpur,6,,
22.04.2020,Dhaka,Tangail,15,,
22.04.2020,Dhaka,Shariatpur,11,,
22.04.2020,Dhaka,Gopalganj,35,,
22.04.2020,Chattogram,Chattogram,42,,
22.04.2020,Chattogram,Cox’s bazar,5,,
22.04.2020,Chattogram,Cumilla,27,,
22.04.2020,Chattogram,B. Baria,24,,
22.04.2020,Chattogram,Laksmipur,25,,
22.04.2020,Chattogram,Bandarban,4,,
22.04.2020,Chattogram,Noakhali,4,,
22.04.2020,Chattogram,Feni,3,,
22.04.2020,Chattogram,Chandpur,10,,
22.04.2020,Sylhet,Moulovi Bazar,2,,
22.04.2020,Sylhet,Sunamganj,1,,
22.04.2020,Sylhet,Hobiganj,13,,
22.04.2020,Sylhet,Sylhet,4,,
22.04.2020,Rangpur,Rangpur,9,,
22.04.2020,Rangpur,Gaibandha,13,,
22.04.2020,Rangpur,Nilphamari,10,,
22.04.2020,Rangpur,Lalmonirhat,2,,
22.04.2020,Rangpur,Kurigram,3,,
22.04.2020,Rangpur,Dinajpur,13,,
22.04.2020,Rangpur,Panchagar,2,,
22.04.2020,Rangpur,Thakurgaon,8,,
22.04.2020,Khulna,Khulna,4,,
22.04.2020,Khulna,Jessore,5,,
22.04.2020,Khulna,Bagerhat,1,,
22.04.2020,Khulna,Narail,7,,
22.04.2020,Khulna,Magura,1,,
22.04.2020,Khulna,Meherpur,1,,
22.04.2020,Khulna,Kushtia,2,,
22.04.2020,Khulna,Chuadanga,2,,
22.04.2020,Mymensingh,Mymensingh,63,,
22.04.2020,Mymensingh,Jamalpur,29,,
22.04.2020,Mymensingh,Netrokona,22,,
22.04.2020,Mymensingh,Sherpur,19,,
22.04.2020,Barishal,Barguna,17,,
22.04.2020,Barishal,Barishal,34,,
22.04.2020,Barishal,Potuakhali,10,,
22.04.2020,Barishal,Pirojpur,5,,
22.04.2020,Barishal,Jhalokathi,5,,
22.04.2020,Rajshahi,Joypurhat,4,,
22.04.2020,Rajshahi,Pabna,3,,
22.04.2020,Rajshahi,Chapainawabganj,1,,
22.04.2020,Rajshahi,Bogra,5,,
22.04.2020,Rajshahi,Naogaon,1,,
22.04.2020,Rajshahi,Sirajganj,2,,
22.04.2020,Rajshahi,Rajshahi,9,,
24.04.2020,Dhaka,Dhaka City,2060,,
24.04.2020,Dhaka,Dhaka (District),64,,
24.04.2020,Dhaka,Gazipur,294,,
24.04.2020,Dhaka,Kishoreganj,180,,
24.04.2020,Dhaka,Madaripur,28,,
24.04.2020,Dhaka,Manikganj,12,,
24.04.2020,Dhaka,Narayanganj,566,,
24.04.2020,Dhaka,Munshigonj,63,,
24.04.2020,Dhaka,Narshingdi,141,,
24.04.2020,Dhaka,Rajbari,11,,
24.04.2020,Dhaka,Faridpur,8,,
24.04.2020,Dhaka,Tangail,21,,
24.04.2020,Dhaka,Shariatpur,11,,
24.04.2020,Dhaka,Gopalganj,43,,
24.04.2020,Chattogram,Chattogram,45,,
24.04.2020,Chattogram,Cox’s bazar,6,,
24.04.2020,Chattogram,Cumilla,32,,
24.04.2020,Chattogram,B. Baria,25,,
24.04.2020,Chattogram,Laksmipur,27,,
24.04.2020,Chattogram,Bandarban,4,,
24.04.2020,Chattogram,Noakhali,4,,
24.04.2020,Chattogram,Feni,3,,
24.04.2020,Chattogram,Chandpur,10,,
24.04.2020,Sylhet,Moulovi Bazar,4,,
24.04.2020,Sylhet,Sunamganj,13,,
24.04.2020,Sylhet,Hobiganj,21,,
24.04.2020,Sylhet,Sylhet,11,,
24.04.2020,Rangpur,Rangpur,15,,
24.04.2020,Rangpur,Gaibandha,14,,
24.04.2020,Rangpur,Nilphamari,10,,
24.04.2020,Rangpur,Lalmonirhat,2,,
24.04.2020,Rangpur,Kurigram,5,,
24.04.2020,Rangpur,Dinajpur,13,,
24.04.2020,Rangpur,Panchagar,3,,
24.04.2020,Rangpur,Thakurgaon,8,,
24.04.2020,Khulna,Khulna,7,,
24.04.2020,Khulna,Jessore,7,,
24.04.2020,Khulna,Bagerhat,1,,
24.04.2020,Khulna,Narail,7,,
24.04.2020,Khulna,Magura,2,,
24.04.2020,Khulna,Meherpur,2,,
24.04.2020,Khulna,Kushtia,4,,
24.04.2020,Khulna,Chuadanga,8,,
24.04.2020,Mymensingh,Mymensingh,68,,
24.04.2020,Mymensingh,Jamalpur,30,,
24.04.2020,Mymensingh,Netrokona,22,,
24.04.2020,Mymensingh,Sherpur,19,,
24.04.2020,Barishal,Barguna,23,,
24.04.2020,Barishal,Bhola,2,,
24.04.2020,Barishal,Barishal,35,,
24.04.2020,Barishal,Potuakhali,16,,
24.04.2020,Barishal,Pirojpur,5,,
24.04.2020,Barishal,Jhalokathi,5,,
24.04.2020,Rajshahi,Joypurhat,4,,
24.04.2020,Rajshahi,Pabna,3,,
24.04.2020,Rajshahi,Chapainawabganj,1,,
24.04.2020,Rajshahi,Bogra,10,,
24.04.2020,Rajshahi,Naogaon,2,,
24.04.2020,Rajshahi,Sirajganj,2,,
24.04.2020,Rajshahi,Rajshahi,9,,
25.04.2020,Dhaka,Dhaka City,2228,,
25.04.2020,Dhaka,Dhaka (District),71,,
25.04.2020,Dhaka,Gazipur,261,,
25.04.2020,Dhaka,Kishoreganj,181,,
25.04.2020,Dhaka,Madaripur,29,,
25.04.2020,Dhaka,Manikganj,12,,
25.04.2020,Dhaka,Narayanganj,594,,
25.04.2020,Dhaka,Munshigonj,62,,
25.04.2020,Dhaka,Narshingdi,141,,
25.04.2020,Dhaka,Rajbari,12,,
25.04.2020,Dhaka,Faridpur,9,,
25.04.2020,Dhaka,Tangail,22,,
25.04.2020,Dhaka,Shariatpur,14,,
25.04.2020,Dhaka,Gopalganj,46,,
25.04.2020,Chattogram,Chattogram,46,,
25.04.2020,Chattogram,Cox’s bazar,6,,
25.04.2020,Chattogram,Cumilla,39,,
25.04.2020,Chattogram,B. Baria,29,,
25.04.2020,Chattogram,Laksmipur,28,,
25.04.2020,Chattogram,Bandarban,4,,
25.04.2020,Chattogram,Noakhali,5,,
25.04.2020,Chattogram,Feni,3,,
25.04.2020,Chattogram,Chandpur,10,,
25.04.2020,Sylhet,Moulovi Bazar,4,,
25.04.2020,Sylhet,Sunamganj,13,,
25.04.2020,Sylhet,Hobiganj,41,,
25.04.2020,Sylhet,Sylhet,11,,
25.04.2020,Rangpur,Rangpur,18,,
25.04.2020,Rangpur,Gaibandha,16,,
25.04.2020,Rangpur,Nilphamari,10,,
25.04.2020,Rangpur,Lalmonirhat,2,,
25.04.2020,Rangpur,Kurigram,3,,
25.04.2020,Rangpur,Dinajpur,13,,
25.04.2020,Rangpur,Panchagar,3,,
25.04.2020,Rangpur,Thakurgaon,7,,
25.04.2020,Khulna,Khulna,7,,
25.04.2020,Khulna,Jessore,7,,
25.04.2020,Khulna,Bagerhat,1,,
25.04.2020,Khulna,Narail,7,,
25.04.2020,Khulna,Magura,2,,
25.04.2020,Khulna,Meherpur,2,,
25.04.2020,Khulna,Kushtia,4,,
25.04.2020,Khulna,Chuadanga,8,,
25.04.2020,Mymensingh,Mymensingh,87,,
25.04.2020,Mymensingh,Jamalpur,37,,
25.04.2020,Mymensingh,Netrokona,25,,
25.04.2020,Mymensingh,Sherpur,19,,
25.04.2020,Barishal,Barguna,23,,
25.04.2020,Barishal,Bhola,2,,
25.04.2020,Barishal,Barishal,38,,
25.04.2020,Barishal,Potuakhali,19,,
25.04.2020,Barishal,Pirojpur,7,,
25.04.2020,Barishal,Jhalokathi,5,,
25.04.2020,Rajshahi,Joypurhat,4,,
25.04.2020,Rajshahi,Pabna,3,,
25.04.2020,Rajshahi,Chapainawabganj,1,,
25.04.2020,Rajshahi,Bogra,11,,
25.04.2020,Rajshahi,Naogaon,2,,
25.04.2020,Rajshahi,Sirajganj,2,,
25.04.2020,Rajshahi,Rajshahi,10,,
26.04.2020,Dhaka,Dhaka City,2485,,
26.04.2020,Dhaka,Dhaka (District),79,,
26.04.2020,Dhaka,Gazipur,308,,
26.04.2020,Dhaka,Kishoreganj,183,,
26.04.2020,Dhaka,Madaripur,30,,
26.04.2020,Dhaka,Manikganj,12,,
26.04.2020,Dhaka,Narayanganj,625,,
26.04.2020,Dhaka,Munshigonj,72,,
26.04.2020,Dhaka,Narshingdi,142,,
26.04.2020,Dhaka,Rajbari,14,,
26.04.2020,Dhaka,Faridpur,9,,
26.04.2020,Dhaka,Tangail,23,,
26.04.2020,Dhaka,Shariatpur,22,,
26.04.2020,Dhaka,Gopalganj,49,,
26.04.2020,Chattogram,Chattogram,48,,
26.04.2020,Chattogram,Cox’s bazar,13,,
26.04.2020,Chattogram,Cumilla,41,,
26.04.2020,Chattogram,B. Baria,31,,
26.04.2020,Chattogram,Laksmipur,28,,
26.04.2020,Chattogram,Bandarban,4,,
26.04.2020,Chattogram,Noakhali,5,,
26.04.2020,Chattogram,Feni,4,,
26.04.2020,Chattogram,Chandpur,11,,
26.04.2020,Sylhet,Moulovi Bazar,6,,
26.04.2020,Sylhet,Sunamganj,14,,
26.04.2020,Sylhet,Hobiganj,47,,
26.04.2020,Sylhet,Sylhet,12,,
26.04.2020,Rangpur,Rangpur,20,,
26.04.2020,Rangpur,Gaibandha,16,,
26.04.2020,Rangpur,Nilphamari,10,,
26.04.2020,Rangpur,Lalmonirhat,2,,
26.04.2020,Rangpur,Kurigram,3,,
26.04.2020,Rangpur,Dinajpur,14,,
26.04.2020,Rangpur,Panchagar,4,,
26.04.2020,Rangpur,Thakurgaon,7,,
26.04.2020,Khulna,Khulna,7,,
26.04.2020,Khulna,Jessore,22,,
26.04.2020,Khulna,Bagerhat,1,,
26.04.2020,Khulna,Narail,10,,
26.04.2020,Khulna,Magura,4,,
26.04.2020,Khulna,Meherpur,2,,
26.04.2020,Khulna,Jhenaidah,7,,
26.04.2020,Khulna,Kushtia,4,,
26.04.2020,Khulna,Chuadanga,8,,
26.04.2020,Mymensingh,Mymensingh,92,,
26.04.2020,Mymensingh,Jamalpur,45,,
26.04.2020,Mymensingh,Netrokona,25,,
26.04.2020,Mymensingh,Sherpur,19,,
26.04.2020,Barishal,Barguna,30,,
26.04.2020,Barishal,Bhola,2,,
26.04.2020,Barishal,Barishal,38,,
26.04.2020,Barishal,Potuakhali,20,,
26.04.2020,Barishal,Pirojpur,7,,
26.04.2020,Barishal,Jhalokathi,5,,
26.04.2020,Rajshahi,Joypurhat,6,,
26.04.2020,Rajshahi,Pabna,3,,
26.04.2020,Rajshahi,Chapainawabganj,2,,
26.04.2020,Rajshahi,Bogra,12,,
26.04.2020,Rajshahi,Naogaon,2,,
26.04.2020,Rajshahi,Sirajganj,2,,
26.04.2020,Rajshahi,Rajshahi,10,,
27.04.2020,Dhaka,Dhaka City,2717,76,76
27.04.2020,Dhaka,Dhaka (District),85,3,1
27.04.2020,Dhaka,Gazipur,315,,1
27.04.2020,Dhaka,Kishoreganj,191,1,
27.04.2020,Dhaka,Madaripur,36,2,9
27.04.2020,Dhaka,Manikganj,15,,
27.04.2020,Dhaka,Narayanganj,699,39,25
27.04.2020,Dhaka,Munshigonj,78,3,
27.04.2020,Dhaka,Narshingdi,142,1,1
27.04.2020,Dhaka,Rajbari,14,,
27.04.2020,Dhaka,Faridpur,9,,
27.04.2020,Dhaka,Tangail,24,2,
27.04.2020,Dhaka,Shariatpur,22,1,
27.04.2020,Dhaka,Gopalganj,50,,
27.04.2020,Chattogram,Chattogram,56,2,2
27.04.2020,Chattogram,Cox’s bazar,13,,1
27.04.2020,Chattogram,Cumilla,42,4,1
27.04.2020,Chattogram,B. Baria,35,2,
27.04.2020,Chattogram,Laksmipur,31,1,
27.04.2020,Chattogram,Bandarban,4,,
27.04.2020,Chattogram,Noakhali,5,1,
27.04.2020,Chattogram,Feni,4,,
27.04.2020,Chattogram,Chandpur,11,,
27.04.2020,Sylhet,Moulovi Bazar,12,2,
27.04.2020,Sylhet,Sunamganj,15,,
27.04.2020,Sylhet,Hobiganj,48,,
27.04.2020,Sylhet,Sylhet,14,2,
27.04.2020,Rangpur,Rangpur,21,,
27.04.2020,Rangpur,Gaibandha,17,,4
27.04.2020,Rangpur,Nilphamari,10,,
27.04.2020,Rangpur,Lalmonirhat,2,,
27.04.2020,Rangpur,Kurigram,6,,
27.04.2020,Rangpur,Dinajpur,14,,
27.04.2020,Rangpur,Panchagar,4,,
27.04.2020,Rangpur,Thakurgaon,8,,
27.04.2020,Khulna,Khulna,8,,
27.04.2020,Khulna,Jessore,26,,
27.04.2020,Khulna,Bagerhat,1,,
27.04.2020,Khulna,Narail,13,,
27.04.2020,Khulna,Magura,4,,
27.04.2020,Khulna,Meherpur,2,1,
27.04.2020,Khulna,Jhenaidah,11,,
27.04.2020,Khulna,Kushtia,10,,
27.04.2020,Khulna,Chuadanga,8,,1
27.04.2020,Mymensingh,Mymensingh,108,2,
27.04.2020,Mymensingh,Jamalpur,45,3,
27.04.2020,Mymensingh,Netrokona,25,,
27.04.2020,Mymensingh,Sherpur,23,,
27.04.2020,Barishal,Barguna,30,1,
27.04.2020,Barishal,Bhola,2,,
27.04.2020,Barishal,Barishal,38,,
27.04.2020,Barishal,Potuakhali,20,1,
27.04.2020,Barishal,Pirojpur,7,,
27.04.2020,Barishal,Jhalokathi,5,,
27.04.2020,Rajshahi,Joypurhat,10,,
27.04.2020,Rajshahi,Pabna,2,,
27.04.2020,Rajshahi,Chapainawabganj,2,,
27.04.2020,Rajshahi,Bogra,17,,
27.04.2020,Rajshahi,Naogaon,1,,
27.04.2020,Rajshahi,Sirajganj,2,,
27.04.2020,Rajshahi,Rajshahi,10,1,
28.04.2020,Dhaka,Dhaka City,3007,79,76
28.04.2020,Dhaka,Dhaka (District),88,3,1
28.04.2020,Dhaka,Gazipur,318,,1
28.04.2020,Dhaka,Kishoreganj,194,1,
28.04.2020,Dhaka,Madaripur,38,2,9
28.04.2020,Dhaka,Manikganj,15,,
28.04.2020,Dhaka,Narayanganj,849,39,25
28.04.2020,Dhaka,Munshigonj,82,3,
28.04.2020,Dhaka,Narshingdi,142,1,1
28.04.2020,Dhaka,Rajbari,14,,
28.04.2020,Dhaka,Faridpur,9,,
28.04.2020,Dhaka,Tangail,27,2,
28.04.2020,Dhaka,Shariatpur,24,1,
28.04.2020,Dhaka,Gopalganj,50,,
28.04.2020,Chattogram,Chattogram,67,2,2
28.04.2020,Chattogram,Cox’s bazar,19,,1
28.04.2020,Chattogram,Cumilla,47,4,1
28.04.2020,Chattogram,B. Baria,35,2,
28.04.2020,Chattogram,Laksmipur,34,1,
28.04.2020,Chattogram,Bandarban,4,,
28.04.2020,Chattogram,Noakhali,6,1,
28.04.2020,Chattogram,Feni,4,,
28.04.2020,Chattogram,Chandpur,11,,
28.04.2020,Sylhet,Moulovi Bazar,12,2,
28.04.2020,Sylhet,Sunamganj,26,,
28.04.2020,Sylhet,Hobiganj,48,,
28.04.2020,Sylhet,Sylhet,16,2,
28.04.2020,Rangpur,Rangpur,28,,
28.04.2020,Rangpur,Gaibandha,19,,4
28.04.2020,Rangpur,Nilphamari,11,,
28.04.2020,Rangpur,Lalmonirhat,2,,
28.04.2020,Rangpur,Kurigram,6,,
28.04.2020,Rangpur,Dinajpur,16,,
28.04.2020,Rangpur,Panchagar,7,,
28.04.2020,Rangpur,Thakurgaon,15,,
28.04.2020,Khulna,Khulna,8,,
28.04.2020,Khulna,Jessore,36,,
28.04.2020,Khulna,Bagerhat,1,,
28.04.2020,Khulna,Narail,13,,
28.04.2020,Khulna,Magura,4,,
28.04.2020,Khulna,Meherpur,2,1,
28.04.2020,Khulna,Jhenaidah,19,,
28.04.2020,Khulna,Kushtia,10,,
28.04.2020,Khulna,Chuadanga,8,,1
28.04.2020,Mymensingh,Mymensingh,117,2,
28.04.2020,Mymensingh,Jamalpur,52,3,
28.04.2020,Mymensingh,Netrokona,27,,
28.04.2020,Mymensingh,Sherpur,23,,
28.04.2020,Barishal,Barguna,30,1,
28.04.2020,Barishal,Bhola,4,,
28.04.2020,Barishal,Barishal,40,,
28.04.2020,Barishal,Potuakhali,23,1,
28.04.2020,Barishal,Pirojpur,8,,
28.04.2020,Barishal,Jhalokathi,6,,
28.04.2020,Rajshahi,Joypurhat,21,1,
28.04.2020,Rajshahi,Pabna,8,,
28.04.2020,Rajshahi,Chapainawabganj,2,,
28.04.2020,Rajshahi,Bogra,17,,
28.04.2020,Rajshahi,Naogaon,1,,
28.04.2020,Rajshahi,Sirajganj,3,,
28.04.2020,Rajshahi,Rajshahi,10,1,
29.04.2020,Dhaka,Dhaka City,3423,85,
29.04.2020,Dhaka,Dhaka (District),95,3,
29.04.2020,Dhaka,Gazipur,320,,
29.04.2020,Dhaka,Kishoreganj,197,1,
29.04.2020,Dhaka,Madaripur,38,2,
29.04.2020,Dhaka,Manikganj,21,,
29.04.2020,Dhaka,Narayanganj,863,39,
29.04.2020,Dhaka,Munshigonj,109,4,
29.04.2020,Dhaka,Narshingdi,142,1,
29.04.2020,Dhaka,Rajbari,14,,
29.04.2020,Dhaka,Faridpur,12,,
29.04.2020,Dhaka,Tangail,28,2,
29.04.2020,Dhaka,Shariatpur,24,1,
29.04.2020,Dhaka,Gopalganj,52,,
29.04.2020,Chattogram,Chattogram,70,2,
29.04.2020,Chattogram,Cox’s bazar,20,,
29.04.2020,Chattogram,Cumilla,81,4,
29.04.2020,Chattogram,B. Baria,37,2,
29.04.2020,Chattogram,Laksmipur,35,1,
29.04.2020,Chattogram,Bandarban,4,,
29.04.2020,Chattogram,Noakhali,6,1,
29.04.2020,Chattogram,Feni,4,,
29.04.2020,Chattogram,Chandpur,13,,
29.04.2020,Sylhet,Moulovi Bazar,12,2,
29.04.2020,Sylhet,Sunamganj,28,,
29.04.2020,Sylhet,Hobiganj,52,,
29.04.2020,Sylhet,Sylhet,16,2,
29.04.2020,Rangpur,Rangpur,28,,
29.04.2020,Rangpur,Gaibandha,20,,
29.04.2020,Rangpur,Nilphamari,13,,
29.04.2020,Rangpur,Lalmonirhat,3,,
29.04.2020,Rangpur,Kurigram,7,,
29.04.2020,Rangpur,Dinajpur,18,,
29.04.2020,Rangpur,Panchagar,8,,
29.04.2020,Rangpur,Thakurgaon,16,,
29.04.2020,Khulna,Khulna,11,,
29.04.2020,Khulna,Jessore,62,,
29.04.2020,Khulna,Bagerhat,1,,
29.04.2020,Khulna,Narail,13,,
29.04.2020,Khulna,Magura,6,,
29.04.2020,Khulna,Meherpur,2,1,
29.04.2020,Khulna,Satkhira,1,,
29.04.2020,Khulna,Jhenaidah,19,,
29.04.2020,Khulna,Kushtia,13,,
29.04.2020,Khulna,Chuadanga,8,,
29.04.2020,Mymensingh,Mymensingh,125,2,
29.04.2020,Mymensingh,Jamalpur,58,3,
29.04.2020,Mymensingh,Netrokona,29,,
29.04.2020,Mymensingh,Sherpur,25,,
29.04.2020,Barishal,Barguna,30,1,
29.04.2020,Barishal,Bhola,5,,
29.04.2020,Barishal,Barishal,40,,
29.04.2020,Barishal,Potuakhali,23,1,
29.04.2020,Barishal,Pirojpur,8,,
29.04.2020,Barishal,Jhalokathi,6,,
29.04.2020,Rajshahi,Joypurhat,28,1,
29.04.2020,Rajshahi,Pabna,8,,
29.04.2020,Rajshahi,Chapainawabganj,2,,
29.04.2020,Rajshahi,Bogra,18,,
29.04.2020,Rajshahi,Natore,8,,
29.04.2020,Rajshahi,Naogaon,15,,
29.04.2020,Rajshahi,Sirajganj,3,,
29.04.2020,Rajshahi,Rajshahi,19,2,
30.04.2020,Dhaka,Dhaka City,3751,89,
30.04.2020,Dhaka,Dhaka (District),99,3,
30.04.2020,Dhaka,Gazipur,322,,
30.04.2020,Dhaka,Kishoreganj,200,1,
30.04.2020,Dhaka,Madaripur,39,2,
30.04.2020,Dhaka,Manikganj,21,,
30.04.2020,Dhaka,Narayanganj,923,39,
30.04.2020,Dhaka,Munshigonj,110,4,
30.04.2020,Dhaka,Narshingdi,145,1,
30.04.2020,Dhaka,Rajbari,17,,
30.04.2020,Dhaka,Faridpur,12,,
30.04.2020,Dhaka,Tangail,29,3,
30.04.2020,Dhaka,Shariatpur,30,1,
30.04.2020,Dhaka,Gopalganj,45,,
30.04.2020,Chattogram,Chattogram,74,2,
30.04.2020,Chattogram,Cox’s bazar,23,,
30.04.2020,Chattogram,Cumilla,93,4,
30.04.2020,Chattogram,B. Baria,40,2,
30.04.2020,Chattogram,Khagrachari,1,,
30.04.2020,Chattogram,Laksmipur,35,1,
30.04.2020,Chattogram,Bandarban,4,,
30.04.2020,Chattogram,Noakhali,6,1,
30.04.2020,Chattogram,Feni,6,,
30.04.2020,Chattogram,Chandpur,14,,
30.04.2020,Sylhet,Moulovi Bazar,12,2,
30.04.2020,Sylhet,Sunamganj,28,,
30.04.2020,Sylhet,Hobiganj,53,,
30.04.2020,Sylhet,Sylhet,18,2,
30.04.2020,Rangpur,Rangpur,31,,
30.04.2020,Rangpur,Gaibandha,21,,
30.04.2020,Rangpur,Nilphamari,13,,
30.04.2020,Rangpur,Lalmonirhat,3,,
30.04.2020,Rangpur,Kurigram,7,,
30.04.2020,Rangpur,Dinajpur,20,,
30.04.2020,Rangpur,Panchagar,8,,
30.04.2020,Rangpur,Thakurgaon,16,,
30.04.2020,Khulna,Khulna,11,,
30.04.2020,Khulna,Jessore,63,,
30.04.2020,Khulna,Bagerhat,2,,
30.04.2020,Khulna,Narail,13,,
30.04.2020,Khulna,Magura,7,,
30.04.2020,Khulna,Meherpur,2,1,
30.04.2020,Khulna,Satkhira,1,,
30.04.2020,Khulna,Jhenaidah,19,,
30.04.2020,Khulna,Kushtia,15,,
30.04.2020,Khulna,Chuadanga,9,,
30.04.2020,Mymensingh,Mymensingh,143,2,
30.04.2020,Mymensingh,Jamalpur,61,3,
30.04.2020,Mymensingh,Netrokona,29,,
30.04.2020,Mymensingh,Sherpur,25,,
30.04.2020,Barishal,Barguna,30,1,
30.04.2020,Barishal,Bhola,5,,
30.04.2020,Barishal,Barishal,40,,
30.04.2020,Barishal,Potuakhali,27,1,
30.04.2020,Barishal,Pirojpur,9,,
30.04.2020,Barishal,Jhalokathi,8,,
30.04.2020,Rajshahi,Joypurhat,32,1,
30.04.2020,Rajshahi,Pabna,10,,
30.04.2020,Rajshahi,Chapainawabganj,2,,
30.04.2020,Rajshahi,Bogra,19,,
30.04.2020,Rajshahi,Natore,9,,
30.04.2020,Rajshahi,Naogaon,15,,
30.04.2020,Rajshahi,Sirajganj,3,,
30.04.2020,Rajshahi,Rajshahi,19,2,
01.05.2020,Dhaka,Dhaka City,3973,90,
01.05.2020,Dhaka,Dhaka (District),109,3,
01.05.2020,Dhaka,Gazipur,322,,
01.05.2020,Dhaka,Kishoreganj,201,1,
01.05.2020,Dhaka,Madaripur,39,2,
01.05.2020,Dhaka,Manikganj,22,,
01.05.2020,Dhaka,Narayanganj,966,39,
01.05.2020,Dhaka,Munshigonj,112,4,
01.05.2020,Dhaka,Narshingdi,151,1,
01.05.2020,Dhaka,Rajbari,19,,
01.05.2020,Dhaka,Faridpur,13,,
01.05.2020,Dhaka,Tangail,29,3,
01.05.2020,Dhaka,Shariatpur,30,1,
01.05.2020,Dhaka,Gopalganj,45,,
01.05.2020,Chattogram,Chattogram,75,2,
01.05.2020,Chattogram,Cox’s bazar,37,,
01.05.2020,Chattogram,Cumilla,99,4,
01.05.2020,Chattogram,B. Baria,43,2,
01.05.2020,Chattogram,Khagrachari,2,,
01.05.2020,Chattogram,Laksmipur,41,1,
01.05.2020,Chattogram,Bandarban,7,,
01.05.2020,Chattogram,Noakhali,9,1,
01.05.2020,Chattogram,Feni,6,,
01.05.2020,Chattogram,Chandpur,15,,
01.05.2020,Sylhet,Moulovi Bazar,12,2,
01.05.2020,Sylhet,Sunamganj,29,,
01.05.2020,Sylhet,Hobiganj,55,,
01.05.2020,Sylhet,Sylhet,18,2,
01.05.2020,Rangpur,Rangpur,38,,
01.05.2020,Rangpur,Gaibandha,21,,
01.05.2020,Rangpur,Nilphamari,15,,
01.05.2020,Rangpur,Lalmonirhat,3,,
01.05.2020,Rangpur,Kurigram,8,,
01.05.2020,Rangpur,Dinajpur,21,,
01.05.2020,Rangpur,Panchagar,8,,
01.05.2020,Rangpur,Thakurgaon,17,,
01.05.2020,Khulna,Khulna,13,,
01.05.2020,Khulna,Jessore,63,,
01.05.2020,Khulna,Bagerhat,2,,
01.05.2020,Khulna,Narail,13,,
01.05.2020,Khulna,Magura,8,,
01.05.2020,Khulna,Meherpur,2,1,
01.05.2020,Khulna,Satkhira,2,,
01.05.2020,Khulna,Jhenaidah,19,,
01.05.2020,Khulna,Kushtia,16,,
01.05.2020,Khulna,Chuadanga,9,,
01.05.2020,Mymensingh,Mymensingh,145,2,
01.05.2020,Mymensingh,Jamalpur,66,3,
01.05.2020,Mymensingh,Netrokona,32,,
01.05.2020,Mymensingh,Sherpur,26,,
01.05.2020,Barishal,Barguna,33,1,
01.05.2020,Barishal,Bhola,5,,
01.05.2020,Barishal,Barishal,40,,
01.05.2020,Barishal,Potuakhali,28,1,
01.05.2020,Barishal,Pirojpur,9,,
01.05.2020,Barishal,Jhalokathi,8,,
01.05.2020,Rajshahi,Joypurhat,33,1,
01.05.2020,Rajshahi,Pabna,10,1,
01.05.2020,Rajshahi,Chapainawabganj,2,,
01.05.2020,Rajshahi,Bogra,19,,
01.05.2020,Rajshahi,Natore,9,,
01.05.2020,Rajshahi,Naogaon,15,,
01.05.2020,Rajshahi,Sirajganj,3,,
01.05.2020,Rajshahi,Rajshahi,20,2,
02.05.2020,Dhaka,Dhaka City,4309,95,
02.05.2020,Dhaka,Dhaka (District),109,3,
02.05.2020,Dhaka,Gazipur,322,,
02.05.2020,Dhaka,Kishoreganj,201,1,
02.05.2020,Dhaka,Madaripur,46,2,
02.05.2020,Dhaka,Manikganj,22,,
02.05.2020,Dhaka,Narayanganj,987,39,
02.05.2020,Dhaka,Munshigonj,122,4,
02.05.2020,Dhaka,Narshingdi,152,1,
02.05.2020,Dhaka,Rajbari,19,,
02.05.2020,Dhaka,Faridpur,13,,
02.05.2020,Dhaka,Tangail,29,3,
02.05.2020,Dhaka,Shariatpur,39,1,
02.05.2020,Dhaka,Gopalganj,45,,
02.05.2020,Chattogram,Chattogram,78,2,
02.05.2020,Chattogram,Cox’s bazar,37,,
02.05.2020,Chattogram,Cumilla,104,4,
02.05.2020,Chattogram,B. Baria,43,2,
02.05.2020,Chattogram,Khagrachari,2,,
02.05.2020,Chattogram,Laksmipur,41,1,
02.05.2020,Chattogram,Bandarban,7,,
02.05.2020,Chattogram,Noakhali,9,1,
02.05.2020,Chattogram,Feni,6,,
02.05.2020,Chattogram,Chandpur,15,,
02.05.2020,Sylhet,Moulovi Bazar,17,2,
02.05.2020,Sylhet,Sunamganj,33,,
02.05.2020,Sylhet,Hobiganj,67,,
02.05.2020,Sylhet,Sylhet,18,2,
02.05.2020,Rangpur,Rangpur,45,,
02.05.2020,Rangpur,Gaibandha,24,,
02.05.2020,Rangpur,Nilphamari,16,,
02.05.2020,Rangpur,Lalmonirhat,3,,
02.05.2020,Rangpur,Kurigram,15,,
02.05.2020,Rangpur,Dinajpur,21,,
02.05.2020,Rangpur,Panchagar,8,,
02.05.2020,Rangpur,Thakurgaon,17,,
02.05.2020,Khulna,Khulna,13,,
02.05.2020,Khulna,Jessore,63,,
02.05.2020,Khulna,Bagerhat,2,,
02.05.2020,Khulna,Narail,13,,
02.05.2020,Khulna,Magura,8,,
02.05.2020,Khulna,Meherpur,2,1,
02.05.2020,Khulna,Satkhira,2,,
02.05.2020,Khulna,Jhenaidah,19,,
02.05.2020,Khulna,Kushtia,16,,
02.05.2020,Khulna,Chuadanga,9,,
02.05.2020,Mymensingh,Mymensingh,145,2,
02.05.2020,Mymensingh,Jamalpur,66,3,
02.05.2020,Mymensingh,Netrokona,32,,
02.05.2020,Mymensingh,Sherpur,26,,
02.05.2020,Barishal,Barguna,33,1,
02.05.2020,Barishal,Bhola,5,,
02.05.2020,Barishal,Barishal,40,,
02.05.2020,Barishal,Potuakhali,28,1,
02.05.2020,Barishal,Pirojpur,9,,
02.05.2020,Barishal,Jhalokathi,8,,
02.05.2020,Rajshahi,Joypurhat,33,1,
02.05.2020,Rajshahi,Pabna,10,1,
02.05.2020,Rajshahi,Chapainawabganj,2,,
02.05.2020,Rajshahi,Bogra,19,,
02.05.2020,Rajshahi,Natore,9,,
02.05.2020,Rajshahi,Naogaon,16,,
02.05.2020,Rajshahi,Sirajganj,3,,
02.05.2020,Rajshahi,Rajshahi,20,2,
